Voos,Companhia.Aerea,Codigo.Tipo.Linha,Partida.Prevista,Partida.Real,Chegada.Prevista,Chegada.Real,Situacao.Voo,Codigo.Justificativa,Aeroporto.Origem,Cidade.Origem,Estado.Origem,Pais.Origem,Aeroporto.Destino,Cidade.Destino,Estado.Destino,Pais.Destino,LongDest,LatDest,LongOrig,LatOrig
AAL - 203,AMERICAN AIRLINES INC,Internacional,2016-01-30T08:58:00Z,2016-01-30T08:58:00Z,2016-01-30T10:35:00Z,2016-01-30T10:35:00Z,Realizado,NA,Afonso Pena,Sao Jose Dos Pinhais,PR,Brasil,Salgado Filho,Porto Alegre,RS,Brasil,-51.1753811,-29.9934732,-49.1724811,-25.5327132
AAL - 203,AMERICAN AIRLINES INC,Internacional,2016-01-13T12:13:00Z,2016-01-13T12:13:00Z,2016-01-13T21:30:00Z,2016-01-13T21:30:00Z,Realizado,NA,Salgado Filho,Porto Alegre,RS,Brasil,Miami,Miami,N/I,Estados Unidos,-80.2870457,25.795865,-51.1753811,-29.9934732
AAL - 203,AMERICAN AIRLINES INC,Internacional,2016-01-29T12:13:00Z,2016-01-29T12:13:00Z,2016-01-29T21:30:00Z,2016-01-29T21:30:00Z,Realizado,NA,Salgado Filho,Porto Alegre,RS,Brasil,Miami,Miami,N/I,Estados Unidos,-80.2870457,25.795865,-51.1753811,-29.9934732
AAL - 203,AMERICAN AIRLINES INC,Internacional,2016-01-19T12:13:00Z,2016-01-18T12:03:00Z,2016-01-19T21:30:00Z,2016-01-18T20:41:00Z,Realizado,LIBERACAO SERV. TRAFEGO AEREO/ANTECIPACAO,Salgado Filho,Porto Alegre,RS,Brasil,Miami,Miami,N/I,Estados Unidos,-80.2870457,25.795865,-51.1753811,-29.9934732
AAL - 203,AMERICAN AIRLINES INC,Internacional,2016-01-30T12:13:00Z,2016-01-30T12:13:00Z,2016-01-30T21:30:00Z,2016-01-30T21:30:00Z,Realizado,NA,Salgado Filho,Porto Alegre,RS,Brasil,Miami,Miami,N/I,Estados Unidos,-80.2870457,25.795865,-51.1753811,-29.9934732
AAL - 203,AMERICAN AIRLINES INC,Internacional,2016-01-03T23:05:00Z,2016-01-03T23:05:00Z,2016-01-04T07:50:00Z,2016-01-04T07:50:00Z,Realizado,NA,Miami,Miami,N/I,Estados Unidos,Afonso Pena,Sao Jose Dos Pinhais,PR,Brasil,-49.1724811,-25.5327132,-80.2870457,25.795865
AAL - 203,AMERICAN AIRLINES INC,Internacional,2016-01-05T23:05:00Z,2016-01-05T23:35:00Z,2016-01-06T07:50:00Z,2016-01-06T08:35:00Z,Realizado,LIBERACAO SERV. TRAFEGO AEREO/ANTECIPACAO,Miami,Miami,N/I,Estados Unidos,Afonso Pena,Sao Jose Dos Pinhais,PR,Brasil,-49.1724811,-25.5327132,-80.2870457,25.795865
AAL - 203,AMERICAN AIRLINES INC,Internacional,2016-01-18T12:13:00Z,2016-01-18T13:09:00Z,2016-01-18T21:30:00Z,2016-01-18T22:24:00Z,Realizado,CONEXAO DE AERONAVE,Salgado Filho,Porto Alegre,RS,Brasil,Miami,Miami,N/I,Estados Unidos,-80.2870457,25.795865,-51.1753811,-29.9934732
AAL - 203,AMERICAN AIRLINES INC,Internacional,2016-01-22T23:05:00Z,2016-01-22T23:05:00Z,2016-01-23T07:50:00Z,2016-01-23T07:50:00Z,Realizado,NA,Miami,Miami,N/I,Estados Unidos,Afonso Pena,Sao Jose Dos Pinhais,PR,Brasil,-49.1724811,-25.5327132,-80.2870457,25.795865
AAL - 203,AMERICAN AIRLINES INC,Internacional,2016-01-15T23:05:00Z,2016-01-15T23:55:00Z,2016-01-16T07:50:00Z,2016-01-16T08:28:00Z,Realizado,ATRASOS NAO ESPECIFICOS - OUTROS,Miami,Miami,N/I,Estados Unidos,Afonso Pena,Sao Jose Dos Pinhais,PR,Brasil,-49.1724811,-25.5327132,-80.2870457,25.795865
AAL - 203,AMERICAN AIRLINES INC,Internacional,2016-01-10T08:58:00Z,2016-01-10T10:22:00Z,2016-01-10T10:35:00Z,2016-01-10T11:31:00Z,Realizado,CONEXAO DE AERONAVE,Afonso Pena,Sao Jose Dos Pinhais,PR,Brasil,Salgado Filho,Porto Alegre,RS,Brasil,-51.1753811,-29.9934732,-49.1724811,-25.5327132
AAL - 203,AMERICAN AIRLINES INC,Internacional,2016-01-24T12:13:00Z,2016-01-24T12:13:00Z,2016-01-24T21:30:00Z,2016-01-24T21:30:00Z,Realizado,NA,Salgado Filho,Porto Alegre,RS,Brasil,Miami,Miami,N/I,Estados Unidos,-80.2870457,25.795865,-51.1753811,-29.9934732
AAL - 203,AMERICAN AIRLINES INC,Internacional,2016-01-05T08:58:00Z,2016-01-05T08:58:00Z,2016-01-05T10:35:00Z,2016-01-05T10:35:00Z,Realizado,NA,Afonso Pena,Sao Jose Dos Pinhais,PR,Brasil,Salgado Filho,Porto Alegre,RS,Brasil,-51.1753811,-29.9934732,-49.1724811,-25.5327132
AAL - 203,AMERICAN AIRLINES INC,Internacional,2016-01-18T08:58:00Z,2016-01-18T10:54:00Z,2016-01-18T10:35:00Z,2016-01-18T12:08:00Z,Realizado,CONEXAO DE AERONAVE,Afonso Pena,Sao Jose Dos Pinhais,PR,Brasil,Salgado Filho,Porto Alegre,RS,Brasil,-51.1753811,-29.9934732,-49.1724811,-25.5327132
AAL - 203,AMERICAN AIRLINES INC,Internacional,2016-01-31T08:58:00Z,2016-01-31T08:58:00Z,2016-01-31T10:35:00Z,2016-01-31T10:35:00Z,Realizado,NA,Afonso Pena,Sao Jose Dos Pinhais,PR,Brasil,Salgado Filho,Porto Alegre,RS,Brasil,-51.1753811,-29.9934732,-49.1724811,-25.5327132
AAL - 203,AMERICAN AIRLINES INC,Internacional,2016-01-26T23:05:00Z,2016-01-26T23:16:00Z,2016-01-27T07:50:00Z,2016-01-27T08:22:00Z,Realizado,ATRASOS NAO ESPECIFICOS - OUTROS,Miami,Miami,N/I,Estados Unidos,Afonso Pena,Sao Jose Dos Pinhais,PR,Brasil,-49.1724811,-25.5327132,-80.2870457,25.795865
AAL - 203,AMERICAN AIRLINES INC,Internacional,2016-01-12T08:58:00Z,2016-01-12T08:58:00Z,2016-01-12T10:35:00Z,2016-01-12T10:35:00Z,Realizado,NA,Afonso Pena,Sao Jose Dos Pinhais,PR,Brasil,Salgado Filho,Porto Alegre,RS,Brasil,-51.1753811,-29.9934732,-49.1724811,-25.5327132
AAL - 203,AMERICAN AIRLINES INC,Internacional,2016-01-07T12:13:00Z,2016-01-07T12:13:00Z,2016-01-07T21:30:00Z,2016-01-07T21:30:00Z,Realizado,NA,Salgado Filho,Porto Alegre,RS,Brasil,Miami,Miami,N/I,Estados Unidos,-80.2870457,25.795865,-51.1753811,-29.9934732
AAL - 203,AMERICAN AIRLINES INC,Internacional,2016-01-21T23:05:00Z,2016-01-21T23:05:00Z,2016-01-22T07:50:00Z,2016-01-22T07:50:00Z,Realizado,NA,Miami,Miami,N/I,Estados Unidos,Afonso Pena,Sao Jose Dos Pinhais,PR,Brasil,-49.1724811,-25.5327132,-80.2870457,25.795865
AAL - 203,AMERICAN AIRLINES INC,Internacional,2016-01-29T23:05:00Z,2016-01-29T23:05:00Z,2016-01-30T07:50:00Z,2016-01-30T07:50:00Z,Realizado,NA,Miami,Miami,N/I,Estados Unidos,Afonso Pena,Sao Jose Dos Pinhais,PR,Brasil,-49.1724811,-25.5327132,-80.2870457,25.795865
AAL - 203,AMERICAN AIRLINES INC,Internacional,2016-01-11T23:05:00Z,2016-01-11T23:05:00Z,2016-01-12T07:50:00Z,2016-01-12T07:50:00Z,Realizado,NA,Miami,Miami,N/I,Estados Unidos,Afonso Pena,Sao Jose Dos Pinhais,PR,Brasil,-49.1724811,-25.5327132,-80.2870457,25.795865
AAL - 203,AMERICAN AIRLINES INC,Internacional,2016-01-21T12:13:00Z,2016-01-21T12:13:00Z,2016-01-21T21:30:00Z,2016-01-21T21:30:00Z,Realizado,NA,Salgado Filho,Porto Alegre,RS,Brasil,Miami,Miami,N/I,Estados Unidos,-80.2870457,25.795865,-51.1753811,-29.9934732
AAL - 203,AMERICAN AIRLINES INC,Internacional,2016-01-10T12:13:00Z,2016-01-10T12:13:00Z,2016-01-10T21:30:00Z,2016-01-10T21:30:00Z,Realizado,NA,Salgado Filho,Porto Alegre,RS,Brasil,Miami,Miami,N/I,Estados Unidos,-80.2870457,25.795865,-51.1753811,-29.9934732
AAL - 203,AMERICAN AIRLINES INC,Internacional,2016-01-02T12:13:00Z,2016-01-02T12:26:00Z,2016-01-02T21:30:00Z,2016-01-02T20:56:00Z,Realizado,CONEXAO DE AERONAVE,Salgado Filho,Porto Alegre,RS,Brasil,Miami,Miami,N/I,Estados Unidos,-80.2870457,25.795865,-51.1753811,-29.9934732
AAL - 203,AMERICAN AIRLINES INC,Internacional,2016-01-09T08:58:00Z,2016-01-09T08:58:00Z,2016-01-09T10:35:00Z,2016-01-09T10:35:00Z,Realizado,NA,Afonso Pena,Sao Jose Dos Pinhais,PR,Brasil,Salgado Filho,Porto Alegre,RS,Brasil,-51.1753811,-29.9934732,-49.1724811,-25.5327132
AAL - 203,AMERICAN AIRLINES INC,Internacional,2016-01-05T12:13:00Z,2016-01-05T12:13:00Z,2016-01-05T21:30:00Z,2016-01-05T21:30:00Z,Realizado,NA,Salgado Filho,Porto Alegre,RS,Brasil,Miami,Miami,N/I,Estados Unidos,-80.2870457,25.795865,-51.1753811,-29.9934732
AAL - 203,AMERICAN AIRLINES INC,Internacional,2016-01-03T08:58:00Z,2016-01-03T08:58:00Z,2016-01-03T10:35:00Z,2016-01-03T10:35:00Z,Realizado,NA,Afonso Pena,Sao Jose Dos Pinhais,PR,Brasil,Salgado Filho,Porto Alegre,RS,Brasil,-51.1753811,-29.9934732,-49.1724811,-25.5327132
AAL - 203,AMERICAN AIRLINES INC,Internacional,2016-01-25T12:13:00Z,2016-01-25T12:13:00Z,2016-01-25T21:30:00Z,2016-01-25T21:30:00Z,Realizado,NA,Salgado Filho,Porto Alegre,RS,Brasil,Miami,Miami,N/I,Estados Unidos,-80.2870457,25.795865,-51.1753811,-29.9934732
AAL - 203,AMERICAN AIRLINES INC,Internacional,2016-01-31T23:05:00Z,2016-01-31T23:05:00Z,2016-02-01T07:50:00Z,2016-02-01T07:50:00Z,Realizado,NA,Miami,Miami,N/I,Estados Unidos,Afonso Pena,Sao Jose Dos Pinhais,PR,Brasil,-49.1724811,-25.5327132,-80.2870457,25.795865
AAL - 203,AMERICAN AIRLINES INC,Internacional,2016-01-06T23:05:00Z,2016-01-06T23:05:00Z,2016-01-07T07:50:00Z,2016-01-07T07:50:00Z,Realizado,NA,Miami,Miami,N/I,Estados Unidos,Afonso Pena,Sao Jose Dos Pinhais,PR,Brasil,-49.1724811,-25.5327132,-80.2870457,25.795865
AAL - 203,AMERICAN AIRLINES INC,Internacional,2016-01-09T12:13:00Z,2016-01-09T12:13:00Z,2016-01-09T21:30:00Z,2016-01-09T21:30:00Z,Realizado,NA,Salgado Filho,Porto Alegre,RS,Brasil,Miami,Miami,N/I,Estados Unidos,-80.2870457,25.795865,-51.1753811,-29.9934732
AAL - 203,AMERICAN AIRLINES INC,Internacional,2016-01-23T08:58:00Z,2016-01-23T08:58:00Z,2016-01-23T10:35:00Z,2016-01-23T10:35:00Z,Realizado,NA,Afonso Pena,Sao Jose Dos Pinhais,PR,Brasil,Salgado Filho,Porto Alegre,RS,Brasil,-51.1753811,-29.9934732,-49.1724811,-25.5327132
AAL - 203,AMERICAN AIRLINES INC,Internacional,2016-01-13T23:05:00Z,2016-01-13T23:05:00Z,2016-01-14T07:50:00Z,2016-01-14T07:50:00Z,Realizado,NA,Miami,Miami,N/I,Estados Unidos,Afonso Pena,Sao Jose Dos Pinhais,PR,Brasil,-49.1724811,-25.5327132,-80.2870457,25.795865
AAL - 203,AMERICAN AIRLINES INC,Internacional,2016-01-03T12:13:00Z,2016-01-03T12:13:00Z,2016-01-03T21:30:00Z,2016-01-03T21:30:00Z,Realizado,NA,Salgado Filho,Porto Alegre,RS,Brasil,Miami,Miami,N/I,Estados Unidos,-80.2870457,25.795865,-51.1753811,-29.9934732
AAL - 203,AMERICAN AIRLINES INC,Internacional,2016-01-12T23:05:00Z,2016-01-12T23:05:00Z,2016-01-13T07:50:00Z,2016-01-13T07:50:00Z,Realizado,NA,Miami,Miami,N/I,Estados Unidos,Afonso Pena,Sao Jose Dos Pinhais,PR,Brasil,-49.1724811,-25.5327132,-80.2870457,25.795865
AAL - 203,AMERICAN AIRLINES INC,Internacional,2016-01-09T23:05:00Z,2016-01-10T00:34:00Z,2016-01-10T07:50:00Z,2016-01-10T09:08:00Z,Realizado,DEFEITOS DA AERONAVE,Miami,Miami,N/I,Estados Unidos,Afonso Pena,Sao Jose Dos Pinhais,PR,Brasil,-49.1724811,-25.5327132,-80.2870457,25.795865
AAL - 203,AMERICAN AIRLINES INC,Internacional,2016-01-13T08:58:00Z,2016-01-13T08:58:00Z,2016-01-13T10:35:00Z,2016-01-13T10:35:00Z,Realizado,NA,Afonso Pena,Sao Jose Dos Pinhais,PR,Brasil,Salgado Filho,Porto Alegre,RS,Brasil,-51.1753811,-29.9934732,-49.1724811,-25.5327132
AAL - 203,AMERICAN AIRLINES INC,Internacional,2016-01-02T08:58:00Z,2016-01-02T10:11:00Z,2016-01-02T10:35:00Z,2016-01-02T11:20:00Z,Realizado,CONEXAO DE AERONAVE,Afonso Pena,Sao Jose Dos Pinhais,PR,Brasil,Salgado Filho,Porto Alegre,RS,Brasil,-51.1753811,-29.9934732,-49.1724811,-25.5327132
AAL - 203,AMERICAN AIRLINES INC,Internacional,2016-01-26T12:13:00Z,2016-01-26T12:13:00Z,2016-01-26T21:30:00Z,2016-01-26T21:30:00Z,Realizado,NA,Salgado Filho,Porto Alegre,RS,Brasil,Miami,Miami,N/I,Estados Unidos,-80.2870457,25.795865,-51.1753811,-29.9934732
AAL - 203,AMERICAN AIRLINES INC,Internacional,2016-01-07T23:05:00Z,2016-01-07T23:05:00Z,2016-01-08T07:50:00Z,2016-01-08T07:50:00Z,Realizado,NA,Miami,Miami,N/I,Estados Unidos,Afonso Pena,Sao Jose Dos Pinhais,PR,Brasil,-49.1724811,-25.5327132,-80.2870457,25.795865
AAL - 203,AMERICAN AIRLINES INC,Internacional,2016-01-11T12:13:00Z,2016-01-11T12:13:00Z,2016-01-11T21:30:00Z,2016-01-11T21:30:00Z,Realizado,NA,Salgado Filho,Porto Alegre,RS,Brasil,Miami,Miami,N/I,Estados Unidos,-80.2870457,25.795865,-51.1753811,-29.9934732
AAL - 203,AMERICAN AIRLINES INC,Internacional,2016-01-20T08:58:00Z,2016-01-20T08:58:00Z,2016-01-20T10:35:00Z,2016-01-20T10:35:00Z,Realizado,NA,Afonso Pena,Sao Jose Dos Pinhais,PR,Brasil,Salgado Filho,Porto Alegre,RS,Brasil,-51.1753811,-29.9934732,-49.1724811,-25.5327132
AAL - 203,AMERICAN AIRLINES INC,Internacional,2016-01-25T23:05:00Z,2016-01-25T23:40:00Z,2016-01-26T07:50:00Z,2016-01-26T07:37:00Z,Realizado,ATRASOS NAO ESPECIFICOS - OUTROS,Miami,Miami,N/I,Estados Unidos,Afonso Pena,Sao Jose Dos Pinhais,PR,Brasil,-49.1724811,-25.5327132,-80.2870457,25.795865
AAL - 203,AMERICAN AIRLINES INC,Internacional,2016-01-27T12:13:00Z,2016-01-27T11:55:00Z,2016-01-27T21:30:00Z,2016-01-27T20:57:00Z,Realizado,LIBERACAO SERV. TRAFEGO AEREO/ANTECIPACAO,Salgado Filho,Porto Alegre,RS,Brasil,Miami,Miami,N/I,Estados Unidos,-80.2870457,25.795865,-51.1753811,-29.9934732
AAL - 203,AMERICAN AIRLINES INC,Internacional,2016-01-04T12:13:00Z,2016-01-04T12:13:00Z,2016-01-04T21:30:00Z,2016-01-04T21:30:00Z,Realizado,NA,Salgado Filho,Porto Alegre,RS,Brasil,Miami,Miami,N/I,Estados Unidos,-80.2870457,25.795865,-51.1753811,-29.9934732
AAL - 203,AMERICAN AIRLINES INC,Internacional,2016-01-02T23:05:00Z,2016-01-02T23:05:00Z,2016-01-03T07:50:00Z,2016-01-03T07:50:00Z,Realizado,NA,Miami,Miami,N/I,Estados Unidos,Afonso Pena,Sao Jose Dos Pinhais,PR,Brasil,-49.1724811,-25.5327132,-80.2870457,25.795865
AAL - 203,AMERICAN AIRLINES INC,Internacional,2016-01-23T12:13:00Z,2016-01-22T11:55:00Z,2016-01-23T21:30:00Z,2016-01-22T20:35:00Z,Realizado,ATRASOS NAO ESPECIFICOS - OUTROS,Salgado Filho,Porto Alegre,RS,Brasil,Miami,Miami,N/I,Estados Unidos,-80.2870457,25.795865,-51.1753811,-29.9934732
AAL - 203,AMERICAN AIRLINES INC,Internacional,2016-01-22T08:58:00Z,2016-01-22T08:58:00Z,2016-01-22T10:35:00Z,2016-01-22T10:35:00Z,Realizado,NA,Afonso Pena,Sao Jose Dos Pinhais,PR,Brasil,Salgado Filho,Porto Alegre,RS,Brasil,-51.1753811,-29.9934732,-49.1724811,-25.5327132
AAL - 203,AMERICAN AIRLINES INC,Internacional,2016-01-24T23:05:00Z,2016-01-24T23:05:00Z,2016-01-25T07:50:00Z,2016-01-25T07:50:00Z,Realizado,NA,Miami,Miami,N/I,Estados Unidos,Afonso Pena,Sao Jose Dos Pinhais,PR,Brasil,-49.1724811,-25.5327132,-80.2870457,25.795865
AAL - 203,AMERICAN AIRLINES INC,Internacional,2016-01-29T08:58:00Z,2016-01-29T08:58:00Z,2016-01-29T10:35:00Z,2016-01-29T10:35:00Z,Realizado,NA,Afonso Pena,Sao Jose Dos Pinhais,PR,Brasil,Salgado Filho,Porto Alegre,RS,Brasil,-51.1753811,-29.9934732,-49.1724811,-25.5327132
AAL - 203,AMERICAN AIRLINES INC,Internacional,2016-01-19T08:58:00Z,2016-01-19T08:58:00Z,2016-01-19T10:35:00Z,2016-01-19T10:35:00Z,Realizado,NA,Afonso Pena,Sao Jose Dos Pinhais,PR,Brasil,Salgado Filho,Porto Alegre,RS,Brasil,-51.1753811,-29.9934732,-49.1724811,-25.5327132
AAL - 203,AMERICAN AIRLINES INC,Internacional,2016-01-17T23:05:00Z,2016-01-18T01:36:00Z,2016-01-18T07:50:00Z,2016-01-18T09:38:00Z,Realizado,DEFEITOS DA AERONAVE,Miami,Miami,N/I,Estados Unidos,Afonso Pena,Sao Jose Dos Pinhais,PR,Brasil,-49.1724811,-25.5327132,-80.2870457,25.795865
AAL - 203,AMERICAN AIRLINES INC,Internacional,2016-01-23T23:05:00Z,2016-01-23T23:05:00Z,2016-01-24T07:50:00Z,2016-01-24T07:50:00Z,Realizado,NA,Miami,Miami,N/I,Estados Unidos,Afonso Pena,Sao Jose Dos Pinhais,PR,Brasil,-49.1724811,-25.5327132,-80.2870457,25.795865
AAL - 203,AMERICAN AIRLINES INC,Internacional,2016-01-21T08:58:00Z,2016-01-21T08:58:00Z,2016-01-21T10:35:00Z,2016-01-21T10:35:00Z,Realizado,NA,Afonso Pena,Sao Jose Dos Pinhais,PR,Brasil,Salgado Filho,Porto Alegre,RS,Brasil,-51.1753811,-29.9934732,-49.1724811,-25.5327132
AAL - 203,AMERICAN AIRLINES INC,Internacional,2016-01-19T23:05:00Z,2016-01-19T23:05:00Z,2016-01-20T07:50:00Z,2016-01-20T07:50:00Z,Realizado,NA,Miami,Miami,N/I,Estados Unidos,Afonso Pena,Sao Jose Dos Pinhais,PR,Brasil,-49.1724811,-25.5327132,-80.2870457,25.795865
AAL - 203,AMERICAN AIRLINES INC,Internacional,2016-01-01T23:05:00Z,2016-01-02T00:44:00Z,2016-01-02T07:50:00Z,2016-01-02T09:09:00Z,Realizado,DEFEITOS DA AERONAVE,Miami,Miami,N/I,Estados Unidos,Afonso Pena,Sao Jose Dos Pinhais,PR,Brasil,-49.1724811,-25.5327132,-80.2870457,25.795865
AAL - 203,AMERICAN AIRLINES INC,Internacional,2016-01-15T12:13:00Z,2016-01-15T12:13:00Z,2016-01-15T21:30:00Z,2016-01-15T21:30:00Z,Realizado,NA,Salgado Filho,Porto Alegre,RS,Brasil,Miami,Miami,N/I,Estados Unidos,-80.2870457,25.795865,-51.1753811,-29.9934732
AAL - 203,AMERICAN AIRLINES INC,Internacional,2016-01-27T08:58:00Z,2016-01-27T09:32:00Z,2016-01-27T10:35:00Z,2016-01-27T10:45:00Z,Realizado,ATRASOS NAO ESPECIFICOS - OUTROS,Afonso Pena,Sao Jose Dos Pinhais,PR,Brasil,Salgado Filho,Porto Alegre,RS,Brasil,-51.1753811,-29.9934732,-49.1724811,-25.5327132
AAL - 203,AMERICAN AIRLINES INC,Internacional,2016-01-20T12:13:00Z,2016-01-20T11:42:00Z,2016-01-20T21:30:00Z,2016-01-20T20:35:00Z,Realizado,LIBERACAO SERV. TRAFEGO AEREO/ANTECIPACAO,Salgado Filho,Porto Alegre,RS,Brasil,Miami,Miami,N/I,Estados Unidos,-80.2870457,25.795865,-51.1753811,-29.9934732
AAL - 203,AMERICAN AIRLINES INC,Internacional,2016-01-31T12:13:00Z,2016-01-31T12:13:00Z,2016-01-31T21:30:00Z,2016-01-31T21:30:00Z,Realizado,NA,Salgado Filho,Porto Alegre,RS,Brasil,Miami,Miami,N/I,Estados Unidos,-80.2870457,25.795865,-51.1753811,-29.9934732
AAL - 203,AMERICAN AIRLINES INC,Internacional,2016-01-08T23:05:00Z,2016-01-08T23:37:00Z,2016-01-09T07:50:00Z,2016-01-09T08:18:00Z,Realizado,ATRASOS NAO ESPECIFICOS - OUTROS,Miami,Miami,N/I,Estados Unidos,Afonso Pena,Sao Jose Dos Pinhais,PR,Brasil,-49.1724811,-25.5327132,-80.2870457,25.795865
AAL - 203,AMERICAN AIRLINES INC,Internacional,2016-01-08T12:13:00Z,2016-01-08T12:13:00Z,2016-01-08T21:30:00Z,2016-01-08T21:30:00Z,Realizado,NA,Salgado Filho,Porto Alegre,RS,Brasil,Miami,Miami,N/I,Estados Unidos,-80.2870457,25.795865,-51.1753811,-29.9934732
AAL - 203,AMERICAN AIRLINES INC,Internacional,2016-01-15T08:58:00Z,2016-01-15T10:03:00Z,2016-01-15T10:35:00Z,2016-01-15T11:24:00Z,Realizado,CONEXAO DE AERONAVE,Afonso Pena,Sao Jose Dos Pinhais,PR,Brasil,Salgado Filho,Porto Alegre,RS,Brasil,-51.1753811,-29.9934732,-49.1724811,-25.5327132
AAL - 203,AMERICAN AIRLINES INC,Internacional,2016-01-26T08:58:00Z,2016-01-26T08:58:00Z,2016-01-26T10:35:00Z,2016-01-26T10:35:00Z,Realizado,NA,Afonso Pena,Sao Jose Dos Pinhais,PR,Brasil,Salgado Filho,Porto Alegre,RS,Brasil,-51.1753811,-29.9934732,-49.1724811,-25.5327132
AAL - 203,AMERICAN AIRLINES INC,Internacional,2016-01-20T23:05:00Z,2016-01-20T23:07:00Z,2016-01-21T07:50:00Z,2016-01-21T07:15:00Z,Realizado,LIBERACAO SERV. TRAFEGO AEREO/ANTECIPACAO,Miami,Miami,N/I,Estados Unidos,Afonso Pena,Sao Jose Dos Pinhais,PR,Brasil,-49.1724811,-25.5327132,-80.2870457,25.795865
AAL - 203,AMERICAN AIRLINES INC,Internacional,2016-01-16T12:13:00Z,2016-01-16T11:48:00Z,2016-01-16T21:30:00Z,2016-01-16T20:46:00Z,Realizado,LIBERACAO SERV. TRAFEGO AEREO/ANTECIPACAO,Salgado Filho,Porto Alegre,RS,Brasil,Miami,Miami,N/I,Estados Unidos,-80.2870457,25.795865,-51.1753811,-29.9934732
AAL - 203,AMERICAN AIRLINES INC,Internacional,2016-01-30T23:05:00Z,2016-01-30T23:05:00Z,2016-01-31T07:50:00Z,2016-01-31T07:50:00Z,Realizado,NA,Miami,Miami,N/I,Estados Unidos,Afonso Pena,Sao Jose Dos Pinhais,PR,Brasil,-49.1724811,-25.5327132,-80.2870457,25.795865
AAL - 203,AMERICAN AIRLINES INC,Internacional,2016-01-16T08:58:00Z,2016-01-16T09:31:00Z,2016-01-16T10:35:00Z,2016-01-16T10:53:00Z,Realizado,CONEXAO DE AERONAVE,Afonso Pena,Sao Jose Dos Pinhais,PR,Brasil,Salgado Filho,Porto Alegre,RS,Brasil,-51.1753811,-29.9934732,-49.1724811,-25.5327132
AAL - 203,AMERICAN AIRLINES INC,Internacional,2016-01-10T23:05:00Z,2016-01-10T23:02:00Z,2016-01-11T07:50:00Z,2016-01-11T07:15:00Z,Realizado,ATRASOS NAO ESPECIFICOS - OUTROS,Miami,Miami,N/I,Estados Unidos,Afonso Pena,Sao Jose Dos Pinhais,PR,Brasil,-49.1724811,-25.5327132,-80.2870457,25.795865
AAL - 203,AMERICAN AIRLINES INC,Internacional,2016-01-17T08:58:00Z,2016-01-17T11:29:00Z,2016-01-17T10:35:00Z,2016-01-17T12:43:00Z,Realizado,CONEXAO DE AERONAVE,Afonso Pena,Sao Jose Dos Pinhais,PR,Brasil,Salgado Filho,Porto Alegre,RS,Brasil,-51.1753811,-29.9934732,-49.1724811,-25.5327132
AAL - 203,AMERICAN AIRLINES INC,Internacional,2016-01-12T12:13:00Z,2016-01-12T12:13:00Z,2016-01-12T21:30:00Z,2016-01-12T21:30:00Z,Realizado,NA,Salgado Filho,Porto Alegre,RS,Brasil,Miami,Miami,N/I,Estados Unidos,-80.2870457,25.795865,-51.1753811,-29.9934732
AAL - 203,AMERICAN AIRLINES INC,Internacional,2016-01-25T08:58:00Z,2016-01-25T08:58:00Z,2016-01-25T10:35:00Z,2016-01-25T10:35:00Z,Realizado,NA,Afonso Pena,Sao Jose Dos Pinhais,PR,Brasil,Salgado Filho,Porto Alegre,RS,Brasil,-51.1753811,-29.9934732,-49.1724811,-25.5327132
AAL - 203,AMERICAN AIRLINES INC,Internacional,2016-01-04T23:05:00Z,2016-01-04T23:05:00Z,2016-01-05T07:50:00Z,2016-01-05T07:50:00Z,Realizado,NA,Miami,Miami,N/I,Estados Unidos,Afonso Pena,Sao Jose Dos Pinhais,PR,Brasil,-49.1724811,-25.5327132,-80.2870457,25.795865
AAL - 203,AMERICAN AIRLINES INC,Internacional,2016-01-28T23:05:00Z,2016-01-28T23:05:00Z,2016-01-29T07:50:00Z,2016-01-29T07:50:00Z,Realizado,NA,Miami,Miami,N/I,Estados Unidos,Afonso Pena,Sao Jose Dos Pinhais,PR,Brasil,-49.1724811,-25.5327132,-80.2870457,25.795865
AAL - 203,AMERICAN AIRLINES INC,Internacional,2016-01-11T08:58:00Z,2016-01-11T08:58:00Z,2016-01-11T10:35:00Z,2016-01-11T10:35:00Z,Realizado,NA,Afonso Pena,Sao Jose Dos Pinhais,PR,Brasil,Salgado Filho,Porto Alegre,RS,Brasil,-51.1753811,-29.9934732,-49.1724811,-25.5327132
AAL - 203,AMERICAN AIRLINES INC,Internacional,2016-01-06T12:13:00Z,2016-01-06T14:12:00Z,2016-01-06T21:30:00Z,2016-01-06T23:24:00Z,Realizado,CONEXAO DE AERONAVE,Salgado Filho,Porto Alegre,RS,Brasil,Miami,Miami,N/I,Estados Unidos,-80.2870457,25.795865,-51.1753811,-29.9934732
AAL - 203,AMERICAN AIRLINES INC,Internacional,2016-01-22T12:13:00Z,2016-01-22T12:13:00Z,2016-01-22T21:30:00Z,2016-01-22T21:30:00Z,Realizado,NA,Salgado Filho,Porto Alegre,RS,Brasil,Miami,Miami,N/I,Estados Unidos,-80.2870457,25.795865,-51.1753811,-29.9934732
AAL - 203,AMERICAN AIRLINES INC,Internacional,2016-01-07T08:58:00Z,2016-01-07T08:58:00Z,2016-01-07T10:35:00Z,2016-01-07T10:35:00Z,Realizado,NA,Afonso Pena,Sao Jose Dos Pinhais,PR,Brasil,Salgado Filho,Porto Alegre,RS,Brasil,-51.1753811,-29.9934732,-49.1724811,-25.5327132
AAL - 203,AMERICAN AIRLINES INC,Internacional,2016-01-14T12:13:00Z,2016-01-14T12:49:00Z,2016-01-14T21:30:00Z,2016-01-14T21:46:00Z,Realizado,CONEXAO DE AERONAVE,Salgado Filho,Porto Alegre,RS,Brasil,Miami,Miami,N/I,Estados Unidos,-80.2870457,25.795865,-51.1753811,-29.9934732
AAL - 203,AMERICAN AIRLINES INC,Internacional,2016-01-17T12:13:00Z,2016-01-17T13:46:00Z,2016-01-17T21:30:00Z,2016-01-17T23:02:00Z,Realizado,CONEXAO DE AERONAVE,Salgado Filho,Porto Alegre,RS,Brasil,Miami,Miami,N/I,Estados Unidos,-80.2870457,25.795865,-51.1753811,-29.9934732
AAL - 203,AMERICAN AIRLINES INC,Internacional,2016-01-28T08:58:00Z,2016-01-28T08:58:00Z,2016-01-28T10:35:00Z,2016-01-28T10:35:00Z,Realizado,NA,Afonso Pena,Sao Jose Dos Pinhais,PR,Brasil,Salgado Filho,Porto Alegre,RS,Brasil,-51.1753811,-29.9934732,-49.1724811,-25.5327132
AAL - 203,AMERICAN AIRLINES INC,Internacional,2016-01-24T08:58:00Z,2016-01-24T08:58:00Z,2016-01-24T10:35:00Z,2016-01-24T10:35:00Z,Realizado,NA,Afonso Pena,Sao Jose Dos Pinhais,PR,Brasil,Salgado Filho,Porto Alegre,RS,Brasil,-51.1753811,-29.9934732,-49.1724811,-25.5327132
AAL - 203,AMERICAN AIRLINES INC,Internacional,2016-01-18T23:05:00Z,2016-01-18T23:05:00Z,2016-01-19T07:50:00Z,2016-01-19T07:50:00Z,Realizado,NA,Miami,Miami,N/I,Estados Unidos,Afonso Pena,Sao Jose Dos Pinhais,PR,Brasil,-49.1724811,-25.5327132,-80.2870457,25.795865
AAL - 203,AMERICAN AIRLINES INC,Internacional,2016-01-28T12:13:00Z,2016-01-28T12:13:00Z,2016-01-28T21:30:00Z,2016-01-28T21:30:00Z,Realizado,NA,Salgado Filho,Porto Alegre,RS,Brasil,Miami,Miami,N/I,Estados Unidos,-80.2870457,25.795865,-51.1753811,-29.9934732
AAL - 203,AMERICAN AIRLINES INC,Internacional,2016-01-27T23:05:00Z,2016-01-27T23:05:00Z,2016-01-28T07:50:00Z,2016-01-28T07:50:00Z,Realizado,NA,Miami,Miami,N/I,Estados Unidos,Afonso Pena,Sao Jose Dos Pinhais,PR,Brasil,-49.1724811,-25.5327132,-80.2870457,25.795865
AAL - 203,AMERICAN AIRLINES INC,Internacional,2016-01-06T08:58:00Z,2016-01-06T12:06:00Z,2016-01-06T10:35:00Z,2016-01-06T13:18:00Z,Realizado,DEFEITOS DA AERONAVE,Afonso Pena,Sao Jose Dos Pinhais,PR,Brasil,Salgado Filho,Porto Alegre,RS,Brasil,-51.1753811,-29.9934732,-49.1724811,-25.5327132
AAL - 203,AMERICAN AIRLINES INC,Internacional,2016-01-14T23:05:00Z,2016-01-15T00:24:00Z,2016-01-15T07:50:00Z,2016-01-15T08:57:00Z,Realizado,DEFEITOS DA AERONAVE,Miami,Miami,N/I,Estados Unidos,Afonso Pena,Sao Jose Dos Pinhais,PR,Brasil,-49.1724811,-25.5327132,-80.2870457,25.795865
AAL - 203,AMERICAN AIRLINES INC,Internacional,2016-02-01T08:58:00Z,2016-02-01T08:58:00Z,2016-02-01T10:35:00Z,2016-02-01T10:35:00Z,Realizado,NA,Afonso Pena,Sao Jose Dos Pinhais,PR,Brasil,Salgado Filho,Porto Alegre,RS,Brasil,-51.1753811,-29.9934732,-49.1724811,-25.5327132
AAL - 203,AMERICAN AIRLINES INC,Internacional,2016-01-14T08:58:00Z,2016-01-14T10:24:00Z,2016-01-14T10:35:00Z,2016-01-14T11:51:00Z,Realizado,DEFEITOS DA AERONAVE,Afonso Pena,Sao Jose Dos Pinhais,PR,Brasil,Salgado Filho,Porto Alegre,RS,Brasil,-51.1753811,-29.9934732,-49.1724811,-25.5327132
AAL - 203,AMERICAN AIRLINES INC,Internacional,2016-01-08T08:58:00Z,2016-01-08T08:58:00Z,2016-01-08T10:35:00Z,2016-01-08T10:35:00Z,Realizado,NA,Afonso Pena,Sao Jose Dos Pinhais,PR,Brasil,Salgado Filho,Porto Alegre,RS,Brasil,-51.1753811,-29.9934732,-49.1724811,-25.5327132
AAL - 203,AMERICAN AIRLINES INC,Internacional,2016-01-04T08:58:00Z,2016-01-04T08:58:00Z,2016-01-04T10:35:00Z,2016-01-04T10:35:00Z,Realizado,NA,Afonso Pena,Sao Jose Dos Pinhais,PR,Brasil,Salgado Filho,Porto Alegre,RS,Brasil,-51.1753811,-29.9934732,-49.1724811,-25.5327132
AAL - 203,AMERICAN AIRLINES INC,Internacional,2016-01-16T23:05:00Z,2016-01-17T01:45:00Z,2016-01-17T07:50:00Z,2016-01-17T10:14:00Z,Realizado,AEROPORTO ORIGEM ABAIXO DOS LIMITES,Miami,Miami,N/I,Estados Unidos,Afonso Pena,Sao Jose Dos Pinhais,PR,Brasil,-49.1724811,-25.5327132,-80.2870457,25.795865
AAL - 203,AMERICAN AIRLINES INC,Internacional,2016-02-01T12:13:00Z,2016-02-01T12:13:00Z,2016-02-01T21:30:00Z,2016-02-01T21:30:00Z,Realizado,NA,Salgado Filho,Porto Alegre,RS,Brasil,Miami,Miami,N/I,Estados Unidos,-80.2870457,25.795865,-51.1753811,-29.9934732
AAL - 213,AMERICAN AIRLINES INC,Internacional,2016-01-21T00:29:00Z,2016-01-21T01:27:00Z,2016-01-21T07:56:00Z,2016-01-21T08:49:00Z,Realizado,CONEXAO DE AERONAVE,Miami,Miami,N/I,Estados Unidos,Presidente Juscelino Kubitschek,Brasilia,DF,Brasil,-47.9172348,-15.8697369,-80.2870457,25.795865
AAL - 213,AMERICAN AIRLINES INC,Internacional,2016-01-07T00:29:00Z,2016-01-07T00:38:00Z,2016-01-07T07:56:00Z,2016-01-07T08:40:00Z,Realizado,ATRASOS NAO ESPECIFICOS - OUTROS,Miami,Miami,N/I,Estados Unidos,Presidente Juscelino Kubitschek,Brasilia,DF,Brasil,-47.9172348,-15.8697369,-80.2870457,25.795865
AAL - 213,AMERICAN AIRLINES INC,Internacional,2016-01-11T00:29:00Z,2016-01-11T00:29:00Z,2016-01-11T07:56:00Z,2016-01-11T07:56:00Z,Realizado,NA,Miami,Miami,N/I,Estados Unidos,Presidente Juscelino Kubitschek,Brasilia,DF,Brasil,-47.9172348,-15.8697369,-80.2870457,25.795865
AAL - 213,AMERICAN AIRLINES INC,Internacional,2016-01-30T00:29:00Z,2016-01-30T01:28:00Z,2016-01-30T07:56:00Z,2016-01-30T09:04:00Z,Realizado,ATRASOS NAO ESPECIFICOS - OUTROS,Miami,Miami,N/I,Estados Unidos,Presidente Juscelino Kubitschek,Brasilia,DF,Brasil,-47.9172348,-15.8697369,-80.2870457,25.795865
AAL - 213,AMERICAN AIRLINES INC,Internacional,2016-01-15T00:29:00Z,2016-01-15T02:16:00Z,2016-01-15T07:56:00Z,2016-01-15T10:11:00Z,Realizado,DEFEITOS DA AERONAVE,Miami,Miami,N/I,Estados Unidos,Presidente Juscelino Kubitschek,Brasilia,DF,Brasil,-47.9172348,-15.8697369,-80.2870457,25.795865
AAL - 213,AMERICAN AIRLINES INC,Internacional,2016-01-27T00:29:00Z,2016-01-27T00:29:00Z,2016-01-27T07:56:00Z,2016-01-27T07:56:00Z,Realizado,NA,Miami,Miami,N/I,Estados Unidos,Presidente Juscelino Kubitschek,Brasilia,DF,Brasil,-47.9172348,-15.8697369,-80.2870457,25.795865
AAL - 213,AMERICAN AIRLINES INC,Internacional,2016-01-19T00:29:00Z,2016-01-19T02:37:00Z,2016-01-19T07:56:00Z,2016-01-19T10:15:00Z,Realizado,DEFEITOS DA AERONAVE,Miami,Miami,N/I,Estados Unidos,Presidente Juscelino Kubitschek,Brasilia,DF,Brasil,-47.9172348,-15.8697369,-80.2870457,25.795865
AAL - 213,AMERICAN AIRLINES INC,Internacional,2016-01-31T00:29:00Z,2016-01-31T01:30:00Z,2016-01-31T07:56:00Z,2016-01-31T09:01:00Z,Realizado,DEFEITOS DA AERONAVE,Miami,Miami,N/I,Estados Unidos,Presidente Juscelino Kubitschek,Brasilia,DF,Brasil,-47.9172348,-15.8697369,-80.2870457,25.795865
AAL - 213,AMERICAN AIRLINES INC,Internacional,2016-01-05T00:29:00Z,2016-01-05T00:29:00Z,2016-01-05T07:56:00Z,2016-01-05T07:56:00Z,Realizado,NA,Miami,Miami,N/I,Estados Unidos,Presidente Juscelino Kubitschek,Brasilia,DF,Brasil,-47.9172348,-15.8697369,-80.2870457,25.795865
AAL - 213,AMERICAN AIRLINES INC,Internacional,2016-01-23T00:29:00Z,2016-01-23T01:08:00Z,2016-01-23T07:56:00Z,2016-01-23T08:30:00Z,Realizado,LIBERACAO SERV. TRAFEGO AEREO/ANTECIPACAO,Miami,Miami,N/I,Estados Unidos,Presidente Juscelino Kubitschek,Brasilia,DF,Brasil,-47.9172348,-15.8697369,-80.2870457,25.795865
AAL - 213,AMERICAN AIRLINES INC,Internacional,2016-01-20T00:29:00Z,2016-01-20T01:05:00Z,2016-01-20T07:56:00Z,2016-01-20T08:37:00Z,Realizado,CONEXAO DE AERONAVE,Miami,Miami,N/I,Estados Unidos,Presidente Juscelino Kubitschek,Brasilia,DF,Brasil,-47.9172348,-15.8697369,-80.2870457,25.795865
AAL - 213,AMERICAN AIRLINES INC,Internacional,2016-01-04T00:29:00Z,2016-01-04T01:12:00Z,2016-01-04T07:56:00Z,2016-01-04T08:39:00Z,Realizado,DEFEITOS DA AERONAVE,Miami,Miami,N/I,Estados Unidos,Presidente Juscelino Kubitschek,Brasilia,DF,Brasil,-47.9172348,-15.8697369,-80.2870457,25.795865
AAL - 213,AMERICAN AIRLINES INC,Internacional,2016-01-14T00:29:00Z,2016-01-14T00:29:00Z,2016-01-14T07:56:00Z,2016-01-14T07:56:00Z,Realizado,NA,Miami,Miami,N/I,Estados Unidos,Presidente Juscelino Kubitschek,Brasilia,DF,Brasil,-47.9172348,-15.8697369,-80.2870457,25.795865
AAL - 213,AMERICAN AIRLINES INC,Internacional,2016-01-28T00:29:00Z,2016-01-28T00:29:00Z,2016-01-28T07:56:00Z,2016-01-28T07:56:00Z,Realizado,NA,Miami,Miami,N/I,Estados Unidos,Presidente Juscelino Kubitschek,Brasilia,DF,Brasil,-47.9172348,-15.8697369,-80.2870457,25.795865
AAL - 213,AMERICAN AIRLINES INC,Internacional,2016-01-24T00:29:00Z,2016-01-24T00:29:00Z,2016-01-24T07:56:00Z,2016-01-24T07:56:00Z,Realizado,NA,Miami,Miami,N/I,Estados Unidos,Presidente Juscelino Kubitschek,Brasilia,DF,Brasil,-47.9172348,-15.8697369,-80.2870457,25.795865
AAL - 213,AMERICAN AIRLINES INC,Internacional,2016-01-26T00:29:00Z,2016-01-26T00:29:00Z,2016-01-26T07:56:00Z,2016-01-26T07:56:00Z,Realizado,NA,Miami,Miami,N/I,Estados Unidos,Presidente Juscelino Kubitschek,Brasilia,DF,Brasil,-47.9172348,-15.8697369,-80.2870457,25.795865
AAL - 213,AMERICAN AIRLINES INC,Internacional,2016-01-16T00:29:00Z,2016-01-16T03:13:00Z,2016-01-16T07:56:00Z,2016-01-16T10:47:00Z,Realizado,AEROPORTO ORIGEM ABAIXO DOS LIMITES,Miami,Miami,N/I,Estados Unidos,Presidente Juscelino Kubitschek,Brasilia,DF,Brasil,-47.9172348,-15.8697369,-80.2870457,25.795865
AAL - 213,AMERICAN AIRLINES INC,Internacional,2016-01-22T00:29:00Z,2016-01-22T00:29:00Z,2016-01-22T07:56:00Z,2016-01-22T07:56:00Z,Realizado,NA,Miami,Miami,N/I,Estados Unidos,Presidente Juscelino Kubitschek,Brasilia,DF,Brasil,-47.9172348,-15.8697369,-80.2870457,25.795865
AAL - 213,AMERICAN AIRLINES INC,Internacional,2016-01-18T00:29:00Z,NA,2016-01-18T07:56:00Z,NA,Cancelado,CANCELAMENTO POR MOTIVOS TECNICOS - OPERACIONAIS,Miami,Miami,N/I,Estados Unidos,Presidente Juscelino Kubitschek,Brasilia,DF,Brasil,-47.9172348,-15.8697369,-80.2870457,25.795865
AAL - 213,AMERICAN AIRLINES INC,Internacional,2016-01-06T00:29:00Z,2016-01-06T00:29:00Z,2016-01-06T07:56:00Z,2016-01-06T07:56:00Z,Realizado,NA,Miami,Miami,N/I,Estados Unidos,Presidente Juscelino Kubitschek,Brasilia,DF,Brasil,-47.9172348,-15.8697369,-80.2870457,25.795865
AAL - 213,AMERICAN AIRLINES INC,Internacional,2016-01-25T00:29:00Z,2016-01-25T01:17:00Z,2016-01-25T07:56:00Z,2016-01-25T08:21:00Z,Realizado,ATRASOS NAO ESPECIFICOS - OUTROS,Miami,Miami,N/I,Estados Unidos,Presidente Juscelino Kubitschek,Brasilia,DF,Brasil,-47.9172348,-15.8697369,-80.2870457,25.795865
AAL - 213,AMERICAN AIRLINES INC,Internacional,2016-01-09T00:29:00Z,2016-01-09T00:29:00Z,2016-01-09T07:56:00Z,2016-01-09T07:56:00Z,Realizado,NA,Miami,Miami,N/I,Estados Unidos,Presidente Juscelino Kubitschek,Brasilia,DF,Brasil,-47.9172348,-15.8697369,-80.2870457,25.795865
AAL - 213,AMERICAN AIRLINES INC,Internacional,2016-01-17T00:29:00Z,NA,2016-01-17T07:56:00Z,NA,Cancelado,CANCELAMENTO POR MOTIVOS TECNICOS - OPERACIONAIS,Miami,Miami,N/I,Estados Unidos,Presidente Juscelino Kubitschek,Brasilia,DF,Brasil,-47.9172348,-15.8697369,-80.2870457,25.795865
AAL - 213,AMERICAN AIRLINES INC,Internacional,2016-01-12T00:29:00Z,2016-01-12T00:38:00Z,2016-01-12T07:56:00Z,2016-01-12T08:26:00Z,Realizado,ATRASOS NAO ESPECIFICOS - OUTROS,Miami,Miami,N/I,Estados Unidos,Presidente Juscelino Kubitschek,Brasilia,DF,Brasil,-47.9172348,-15.8697369,-80.2870457,25.795865
AAL - 213,AMERICAN AIRLINES INC,Internacional,2016-01-02T00:29:00Z,2016-01-02T00:29:00Z,2016-01-02T07:56:00Z,2016-01-02T07:56:00Z,Realizado,NA,Miami,Miami,N/I,Estados Unidos,Presidente Juscelino Kubitschek,Brasilia,DF,Brasil,-47.9172348,-15.8697369,-80.2870457,25.795865
AAL - 213,AMERICAN AIRLINES INC,Internacional,2016-01-08T00:29:00Z,2016-01-08T00:29:00Z,2016-01-08T07:56:00Z,2016-01-08T07:56:00Z,Realizado,NA,Miami,Miami,N/I,Estados Unidos,Presidente Juscelino Kubitschek,Brasilia,DF,Brasil,-47.9172348,-15.8697369,-80.2870457,25.795865
AAL - 213,AMERICAN AIRLINES INC,Internacional,2016-01-01T00:29:00Z,2016-01-01T00:29:00Z,2016-01-01T07:56:00Z,2016-01-01T07:56:00Z,Realizado,NA,Miami,Miami,N/I,Estados Unidos,Presidente Juscelino Kubitschek,Brasilia,DF,Brasil,-47.9172348,-15.8697369,-80.2870457,25.795865
AAL - 213,AMERICAN AIRLINES INC,Internacional,2016-01-10T00:29:00Z,2016-01-10T01:38:00Z,2016-01-10T07:56:00Z,2016-01-10T09:42:00Z,Realizado,ATRASOS NAO ESPECIFICOS - OUTROS,Miami,Miami,N/I,Estados Unidos,Presidente Juscelino Kubitschek,Brasilia,DF,Brasil,-47.9172348,-15.8697369,-80.2870457,25.795865
AAL - 213,AMERICAN AIRLINES INC,Internacional,2016-01-03T00:29:00Z,2016-01-03T00:29:00Z,2016-01-03T07:56:00Z,2016-01-03T07:56:00Z,Realizado,NA,Miami,Miami,N/I,Estados Unidos,Presidente Juscelino Kubitschek,Brasilia,DF,Brasil,-47.9172348,-15.8697369,-80.2870457,25.795865
AAL - 213,AMERICAN AIRLINES INC,Internacional,2016-01-29T00:29:00Z,2016-01-29T00:29:00Z,2016-01-29T07:56:00Z,2016-01-29T07:56:00Z,Realizado,NA,Miami,Miami,N/I,Estados Unidos,Presidente Juscelino Kubitschek,Brasilia,DF,Brasil,-47.9172348,-15.8697369,-80.2870457,25.795865
AAL - 213,AMERICAN AIRLINES INC,Internacional,2016-01-13T00:29:00Z,2016-01-13T00:29:00Z,2016-01-13T07:56:00Z,2016-01-13T07:56:00Z,Realizado,NA,Miami,Miami,N/I,Estados Unidos,Presidente Juscelino Kubitschek,Brasilia,DF,Brasil,-47.9172348,-15.8697369,-80.2870457,25.795865
AAL - 214,AMERICAN AIRLINES INC,Internacional,2016-01-13T23:59:00Z,2016-01-13T23:59:00Z,2016-01-14T07:46:00Z,2016-01-14T07:46:00Z,Realizado,NA,Presidente Juscelino Kubitschek,Brasilia,DF,Brasil,Miami,Miami,N/I,Estados Unidos,-80.2870457,25.795865,-47.9172348,-15.8697369
AAL - 214,AMERICAN AIRLINES INC,Internacional,2016-01-26T23:59:00Z,2016-01-26T23:59:00Z,2016-01-27T07:46:00Z,2016-01-27T07:46:00Z,Realizado,NA,Presidente Juscelino Kubitschek,Brasilia,DF,Brasil,Miami,Miami,N/I,Estados Unidos,-80.2870457,25.795865,-47.9172348,-15.8697369
AAL - 214,AMERICAN AIRLINES INC,Internacional,2016-01-02T23:59:00Z,2016-01-02T23:59:00Z,2016-01-03T07:46:00Z,2016-01-03T07:46:00Z,Realizado,NA,Presidente Juscelino Kubitschek,Brasilia,DF,Brasil,Miami,Miami,N/I,Estados Unidos,-80.2870457,25.795865,-47.9172348,-15.8697369
AAL - 214,AMERICAN AIRLINES INC,Internacional,2016-01-18T23:59:00Z,2016-01-18T23:42:00Z,2016-01-19T07:46:00Z,2016-01-19T07:00:00Z,Realizado,LIBERACAO SERV. TRAFEGO AEREO/ANTECIPACAO,Presidente Juscelino Kubitschek,Brasilia,DF,Brasil,Miami,Miami,N/I,Estados Unidos,-80.2870457,25.795865,-47.9172348,-15.8697369
AAL - 214,AMERICAN AIRLINES INC,Internacional,2016-01-31T23:59:00Z,2016-01-31T00:47:00Z,2016-02-01T07:46:00Z,2016-02-01T08:31:00Z,Realizado,DEFEITOS DA AERONAVE,Presidente Juscelino Kubitschek,Brasilia,DF,Brasil,Miami,Miami,N/I,Estados Unidos,-80.2870457,25.795865,-47.9172348,-15.8697369
AAL - 214,AMERICAN AIRLINES INC,Internacional,2016-01-24T23:59:00Z,2016-01-24T23:59:00Z,2016-01-25T07:46:00Z,2016-01-25T07:46:00Z,Realizado,NA,Presidente Juscelino Kubitschek,Brasilia,DF,Brasil,Miami,Miami,N/I,Estados Unidos,-80.2870457,25.795865,-47.9172348,-15.8697369
AAL - 214,AMERICAN AIRLINES INC,Internacional,2016-01-23T23:59:00Z,2016-01-23T23:59:00Z,2016-01-24T07:46:00Z,2016-01-24T07:46:00Z,Realizado,NA,Presidente Juscelino Kubitschek,Brasilia,DF,Brasil,Miami,Miami,N/I,Estados Unidos,-80.2870457,25.795865,-47.9172348,-15.8697369
AAL - 214,AMERICAN AIRLINES INC,Internacional,2016-01-03T23:59:00Z,2016-01-03T23:59:00Z,2016-01-04T07:46:00Z,2016-01-04T07:46:00Z,Realizado,NA,Presidente Juscelino Kubitschek,Brasilia,DF,Brasil,Miami,Miami,N/I,Estados Unidos,-80.2870457,25.795865,-47.9172348,-15.8697369
AAL - 214,AMERICAN AIRLINES INC,Internacional,2016-01-29T23:59:00Z,2016-01-30T11:46:00Z,2016-01-30T07:46:00Z,2016-01-30T19:10:00Z,Realizado,OPERACAO DE VOO COM MAIS DE 04 HORAS DE ATRASO PANE AERONAVE,Presidente Juscelino Kubitschek,Brasilia,DF,Brasil,Miami,Miami,N/I,Estados Unidos,-80.2870457,25.795865,-47.9172348,-15.8697369
AAL - 214,AMERICAN AIRLINES INC,Internacional,2016-01-21T23:59:00Z,2016-01-21T23:59:00Z,2016-01-22T07:46:00Z,2016-01-22T07:46:00Z,Realizado,NA,Presidente Juscelino Kubitschek,Brasilia,DF,Brasil,Miami,Miami,N/I,Estados Unidos,-80.2870457,25.795865,-47.9172348,-15.8697369
AAL - 214,AMERICAN AIRLINES INC,Internacional,2016-01-30T23:59:00Z,2016-01-30T23:59:00Z,2016-01-31T07:46:00Z,2016-01-31T07:46:00Z,Realizado,NA,Presidente Juscelino Kubitschek,Brasilia,DF,Brasil,Miami,Miami,N/I,Estados Unidos,-80.2870457,25.795865,-47.9172348,-15.8697369
AAL - 214,AMERICAN AIRLINES INC,Internacional,2016-01-04T23:59:00Z,2016-01-04T23:59:00Z,2016-01-05T07:46:00Z,2016-01-05T07:46:00Z,Realizado,NA,Presidente Juscelino Kubitschek,Brasilia,DF,Brasil,Miami,Miami,N/I,Estados Unidos,-80.2870457,25.795865,-47.9172348,-15.8697369
AAL - 214,AMERICAN AIRLINES INC,Internacional,2016-01-19T23:59:00Z,2016-01-19T23:59:00Z,2016-01-20T07:46:00Z,2016-01-20T07:46:00Z,Realizado,NA,Presidente Juscelino Kubitschek,Brasilia,DF,Brasil,Miami,Miami,N/I,Estados Unidos,-80.2870457,25.795865,-47.9172348,-15.8697369
AAL - 214,AMERICAN AIRLINES INC,Internacional,2016-01-22T23:59:00Z,2016-01-22T23:59:00Z,2016-01-23T07:46:00Z,2016-01-23T07:46:00Z,Realizado,NA,Presidente Juscelino Kubitschek,Brasilia,DF,Brasil,Miami,Miami,N/I,Estados Unidos,-80.2870457,25.795865,-47.9172348,-15.8697369
AAL - 214,AMERICAN AIRLINES INC,Internacional,2016-01-05T23:59:00Z,2016-01-05T23:59:00Z,2016-01-06T07:46:00Z,2016-01-06T07:46:00Z,Realizado,NA,Presidente Juscelino Kubitschek,Brasilia,DF,Brasil,Miami,Miami,N/I,Estados Unidos,-80.2870457,25.795865,-47.9172348,-15.8697369
AAL - 214,AMERICAN AIRLINES INC,Internacional,2016-01-06T23:59:00Z,2016-01-06T23:59:00Z,2016-01-07T07:46:00Z,2016-01-07T07:46:00Z,Realizado,NA,Presidente Juscelino Kubitschek,Brasilia,DF,Brasil,Miami,Miami,N/I,Estados Unidos,-80.2870457,25.795865,-47.9172348,-15.8697369
AAL - 214,AMERICAN AIRLINES INC,Internacional,2016-01-14T23:59:00Z,2016-01-15T02:39:00Z,2016-01-15T07:46:00Z,2016-01-15T10:04:00Z,Realizado,DEFEITOS DA AERONAVE,Presidente Juscelino Kubitschek,Brasilia,DF,Brasil,Miami,Miami,N/I,Estados Unidos,-80.2870457,25.795865,-47.9172348,-15.8697369
AAL - 214,AMERICAN AIRLINES INC,Internacional,2016-01-16T23:59:00Z,2016-01-16T23:59:00Z,2016-01-17T07:46:00Z,2016-01-17T07:46:00Z,Realizado,NA,Presidente Juscelino Kubitschek,Brasilia,DF,Brasil,Miami,Miami,N/I,Estados Unidos,-80.2870457,25.795865,-47.9172348,-15.8697369
AAL - 214,AMERICAN AIRLINES INC,Internacional,2016-01-07T23:59:00Z,2016-01-07T23:59:00Z,2016-01-08T07:46:00Z,2016-01-08T07:46:00Z,Realizado,NA,Presidente Juscelino Kubitschek,Brasilia,DF,Brasil,Miami,Miami,N/I,Estados Unidos,-80.2870457,25.795865,-47.9172348,-15.8697369
AAL - 214,AMERICAN AIRLINES INC,Internacional,2016-01-09T23:59:00Z,2016-01-09T23:59:00Z,2016-01-10T07:46:00Z,2016-01-10T07:46:00Z,Realizado,NA,Presidente Juscelino Kubitschek,Brasilia,DF,Brasil,Miami,Miami,N/I,Estados Unidos,-80.2870457,25.795865,-47.9172348,-15.8697369
AAL - 214,AMERICAN AIRLINES INC,Internacional,2016-01-12T23:59:00Z,2016-01-12T23:59:00Z,2016-01-13T07:46:00Z,2016-01-13T07:46:00Z,Realizado,NA,Presidente Juscelino Kubitschek,Brasilia,DF,Brasil,Miami,Miami,N/I,Estados Unidos,-80.2870457,25.795865,-47.9172348,-15.8697369
AAL - 214,AMERICAN AIRLINES INC,Internacional,2016-01-11T23:59:00Z,2016-01-11T23:34:00Z,2016-01-12T07:46:00Z,2016-01-12T07:08:00Z,Realizado,ATRASOS NAO ESPECIFICOS - OUTROS,Presidente Juscelino Kubitschek,Brasilia,DF,Brasil,Miami,Miami,N/I,Estados Unidos,-80.2870457,25.795865,-47.9172348,-15.8697369
AAL - 214,AMERICAN AIRLINES INC,Internacional,2016-01-25T23:59:00Z,2016-01-25T23:59:00Z,2016-01-26T07:46:00Z,2016-01-26T07:46:00Z,Realizado,NA,Presidente Juscelino Kubitschek,Brasilia,DF,Brasil,Miami,Miami,N/I,Estados Unidos,-80.2870457,25.795865,-47.9172348,-15.8697369
AAL - 214,AMERICAN AIRLINES INC,Internacional,2016-01-20T23:59:00Z,2016-01-20T23:59:00Z,2016-01-21T07:46:00Z,2016-01-21T07:46:00Z,Realizado,NA,Presidente Juscelino Kubitschek,Brasilia,DF,Brasil,Miami,Miami,N/I,Estados Unidos,-80.2870457,25.795865,-47.9172348,-15.8697369
AAL - 214,AMERICAN AIRLINES INC,Internacional,2016-01-27T23:59:00Z,2016-01-27T23:59:00Z,2016-01-28T07:46:00Z,2016-01-28T07:46:00Z,Realizado,NA,Presidente Juscelino Kubitschek,Brasilia,DF,Brasil,Miami,Miami,N/I,Estados Unidos,-80.2870457,25.795865,-47.9172348,-15.8697369
AAL - 214,AMERICAN AIRLINES INC,Internacional,2016-01-15T23:59:00Z,NA,2016-01-16T07:46:00Z,NA,Cancelado,CANCELAMENTO POR MOTIVOS TECNICOS - OPERACIONAIS,Presidente Juscelino Kubitschek,Brasilia,DF,Brasil,Miami,Miami,N/I,Estados Unidos,-80.2870457,25.795865,-47.9172348,-15.8697369
AAL - 214,AMERICAN AIRLINES INC,Internacional,2016-01-08T23:59:00Z,2016-01-08T23:59:00Z,2016-01-09T07:46:00Z,2016-01-09T07:46:00Z,Realizado,NA,Presidente Juscelino Kubitschek,Brasilia,DF,Brasil,Miami,Miami,N/I,Estados Unidos,-80.2870457,25.795865,-47.9172348,-15.8697369
AAL - 214,AMERICAN AIRLINES INC,Internacional,2016-01-17T23:59:00Z,2016-01-17T23:59:00Z,2016-01-18T07:46:00Z,2016-01-18T07:46:00Z,Realizado,NA,Presidente Juscelino Kubitschek,Brasilia,DF,Brasil,Miami,Miami,N/I,Estados Unidos,-80.2870457,25.795865,-47.9172348,-15.8697369
AAL - 214,AMERICAN AIRLINES INC,Internacional,2016-01-28T23:59:00Z,2016-01-28T23:59:00Z,2016-01-29T07:46:00Z,2016-01-29T07:46:00Z,Realizado,NA,Presidente Juscelino Kubitschek,Brasilia,DF,Brasil,Miami,Miami,N/I,Estados Unidos,-80.2870457,25.795865,-47.9172348,-15.8697369
AAL - 214,AMERICAN AIRLINES INC,Internacional,2016-01-10T23:59:00Z,2016-01-10T23:59:00Z,2016-01-11T07:46:00Z,2016-01-11T07:46:00Z,Realizado,NA,Presidente Juscelino Kubitschek,Brasilia,DF,Brasil,Miami,Miami,N/I,Estados Unidos,-80.2870457,25.795865,-47.9172348,-15.8697369
AAL - 214,AMERICAN AIRLINES INC,Internacional,2016-01-01T23:59:00Z,2016-01-01T23:59:00Z,2016-01-02T07:46:00Z,2016-01-02T07:46:00Z,Realizado,NA,Presidente Juscelino Kubitschek,Brasilia,DF,Brasil,Miami,Miami,N/I,Estados Unidos,-80.2870457,25.795865,-47.9172348,-15.8697369
AAL - 229,AMERICAN AIRLINES INC,Internacional,2016-01-18T00:34:00Z,2016-01-18T02:02:00Z,2016-01-18T08:44:00Z,2016-01-18T10:02:00Z,Realizado,DEFEITOS DA AERONAVE,Miami,Miami,N/I,Estados Unidos,Deputado Luis Eduardo Magalhaes,Salvador,BA,Brasil,-38.3312411,-12.9110977,-80.2870457,25.795865
AAL - 229,AMERICAN AIRLINES INC,Internacional,2016-01-26T00:34:00Z,2016-01-26T00:34:00Z,2016-01-26T08:44:00Z,2016-01-26T08:44:00Z,Realizado,NA,Miami,Miami,N/I,Estados Unidos,Deputado Luis Eduardo Magalhaes,Salvador,BA,Brasil,-38.3312411,-12.9110977,-80.2870457,25.795865
AAL - 229,AMERICAN AIRLINES INC,Internacional,2016-01-11T00:34:00Z,2016-01-11T00:34:00Z,2016-01-11T08:44:00Z,2016-01-11T08:44:00Z,Realizado,NA,Miami,Miami,N/I,Estados Unidos,Deputado Luis Eduardo Magalhaes,Salvador,BA,Brasil,-38.3312411,-12.9110977,-80.2870457,25.795865
AAL - 229,AMERICAN AIRLINES INC,Internacional,2016-01-21T00:34:00Z,NA,2016-01-21T08:44:00Z,NA,Cancelado,CANCELAMENTO POR MOTIVOS TECNICOS - OPERACIONAIS,Miami,Miami,N/I,Estados Unidos,Deputado Luis Eduardo Magalhaes,Salvador,BA,Brasil,-38.3312411,-12.9110977,-80.2870457,25.795865
AAL - 229,AMERICAN AIRLINES INC,Internacional,2016-01-30T00:34:00Z,2016-01-30T02:17:00Z,2016-01-30T08:44:00Z,2016-01-30T09:34:00Z,Realizado,DEFEITOS DA AERONAVE,Miami,Miami,N/I,Estados Unidos,Deputado Luis Eduardo Magalhaes,Salvador,BA,Brasil,-38.3312411,-12.9110977,-80.2870457,25.795865
AAL - 229,AMERICAN AIRLINES INC,Internacional,2016-01-25T00:34:00Z,2016-01-25T00:34:00Z,2016-01-25T08:44:00Z,2016-01-25T08:44:00Z,Realizado,NA,Miami,Miami,N/I,Estados Unidos,Deputado Luis Eduardo Magalhaes,Salvador,BA,Brasil,-38.3312411,-12.9110977,-80.2870457,25.795865
AAL - 229,AMERICAN AIRLINES INC,Internacional,2016-01-12T00:34:00Z,2016-01-12T01:20:00Z,2016-01-12T08:44:00Z,2016-01-12T09:43:00Z,Realizado,DEFEITOS DA AERONAVE,Miami,Miami,N/I,Estados Unidos,Deputado Luis Eduardo Magalhaes,Salvador,BA,Brasil,-38.3312411,-12.9110977,-80.2870457,25.795865
AAL - 229,AMERICAN AIRLINES INC,Internacional,2016-01-05T00:34:00Z,NA,2016-01-05T08:44:00Z,NA,Cancelado,CANCELAMENTO POR MOTIVOS TECNICOS - OPERACIONAIS,Miami,Miami,N/I,Estados Unidos,Deputado Luis Eduardo Magalhaes,Salvador,BA,Brasil,-38.3312411,-12.9110977,-80.2870457,25.795865
AAL - 229,AMERICAN AIRLINES INC,Internacional,2016-01-02T00:34:00Z,2016-01-02T00:34:00Z,2016-01-02T08:44:00Z,2016-01-02T08:44:00Z,Realizado,NA,Miami,Miami,N/I,Estados Unidos,Deputado Luis Eduardo Magalhaes,Salvador,BA,Brasil,-38.3312411,-12.9110977,-80.2870457,25.795865
AAL - 229,AMERICAN AIRLINES INC,Internacional,2016-01-04T00:34:00Z,NA,2016-01-04T08:44:00Z,NA,Cancelado,CANCELAMENTO POR MOTIVOS TECNICOS - OPERACIONAIS,Miami,Miami,N/I,Estados Unidos,Deputado Luis Eduardo Magalhaes,Salvador,BA,Brasil,-38.3312411,-12.9110977,-80.2870457,25.795865
AAL - 229,AMERICAN AIRLINES INC,Internacional,2016-01-16T00:34:00Z,NA,2016-01-16T08:44:00Z,NA,Cancelado,CANCELAMENTO POR MOTIVOS TECNICOS - OPERACIONAIS,Miami,Miami,N/I,Estados Unidos,Deputado Luis Eduardo Magalhaes,Salvador,BA,Brasil,-38.3312411,-12.9110977,-80.2870457,25.795865
AAL - 229,AMERICAN AIRLINES INC,Internacional,2016-01-23T00:34:00Z,2016-01-23T00:34:00Z,2016-01-23T08:44:00Z,2016-01-23T08:44:00Z,Realizado,NA,Miami,Miami,N/I,Estados Unidos,Deputado Luis Eduardo Magalhaes,Salvador,BA,Brasil,-38.3312411,-12.9110977,-80.2870457,25.795865
AAL - 229,AMERICAN AIRLINES INC,Internacional,2016-01-09T00:34:00Z,2016-01-09T00:34:00Z,2016-01-09T08:44:00Z,2016-01-09T08:44:00Z,Realizado,NA,Miami,Miami,N/I,Estados Unidos,Deputado Luis Eduardo Magalhaes,Salvador,BA,Brasil,-38.3312411,-12.9110977,-80.2870457,25.795865
AAL - 229,AMERICAN AIRLINES INC,Internacional,2016-01-28T00:34:00Z,2016-01-28T01:26:00Z,2016-01-28T08:44:00Z,2016-01-28T09:44:00Z,Realizado,DEFEITOS DA AERONAVE,Miami,Miami,N/I,Estados Unidos,Deputado Luis Eduardo Magalhaes,Salvador,BA,Brasil,-38.3312411,-12.9110977,-80.2870457,25.795865
AAL - 229,AMERICAN AIRLINES INC,Internacional,2016-01-19T00:34:00Z,2016-01-19T00:34:00Z,2016-01-19T08:44:00Z,2016-01-19T08:44:00Z,Realizado,NA,Miami,Miami,N/I,Estados Unidos,Deputado Luis Eduardo Magalhaes,Salvador,BA,Brasil,-38.3312411,-12.9110977,-80.2870457,25.795865
AAL - 229,AMERICAN AIRLINES INC,Internacional,2016-01-07T00:34:00Z,2016-01-07T01:25:00Z,2016-01-07T08:44:00Z,2016-01-07T09:15:00Z,Realizado,DEFEITOS DA AERONAVE,Miami,Miami,N/I,Estados Unidos,Deputado Luis Eduardo Magalhaes,Salvador,BA,Brasil,-38.3312411,-12.9110977,-80.2870457,25.795865
AAL - 229,AMERICAN AIRLINES INC,Internacional,2016-01-14T00:34:00Z,2016-01-14T00:57:00Z,2016-01-14T08:44:00Z,2016-01-14T09:22:00Z,Realizado,ATRASOS NAO ESPECIFICOS - OUTROS,Miami,Miami,N/I,Estados Unidos,Deputado Luis Eduardo Magalhaes,Salvador,BA,Brasil,-38.3312411,-12.9110977,-80.2870457,25.795865
AAL - 230,AMERICAN AIRLINES INC,Internacional,2016-01-16T23:32:00Z,2016-01-16T23:32:00Z,2016-01-17T07:59:00Z,2016-01-17T07:59:00Z,Realizado,NA,Deputado Luis Eduardo Magalhaes,Salvador,BA,Brasil,Miami,Miami,N/I,Estados Unidos,-80.2870457,25.795865,-38.3312411,-12.9110977
AAL - 230,AMERICAN AIRLINES INC,Internacional,2016-01-28T23:32:00Z,2016-01-28T23:32:00Z,2016-01-29T07:59:00Z,2016-01-29T07:59:00Z,Realizado,NA,Deputado Luis Eduardo Magalhaes,Salvador,BA,Brasil,Miami,Miami,N/I,Estados Unidos,-80.2870457,25.795865,-38.3312411,-12.9110977
AAL - 230,AMERICAN AIRLINES INC,Internacional,2016-01-07T23:32:00Z,2016-01-07T23:32:00Z,2016-01-08T07:59:00Z,2016-01-08T07:59:00Z,Realizado,NA,Deputado Luis Eduardo Magalhaes,Salvador,BA,Brasil,Miami,Miami,N/I,Estados Unidos,-80.2870457,25.795865,-38.3312411,-12.9110977
AAL - 230,AMERICAN AIRLINES INC,Internacional,2016-01-12T23:32:00Z,2016-01-12T23:23:00Z,2016-01-13T07:59:00Z,2016-01-13T07:20:00Z,Realizado,LIBERACAO SERV. TRAFEGO AEREO/ANTECIPACAO,Deputado Luis Eduardo Magalhaes,Salvador,BA,Brasil,Miami,Miami,N/I,Estados Unidos,-80.2870457,25.795865,-38.3312411,-12.9110977
AAL - 230,AMERICAN AIRLINES INC,Internacional,2016-01-18T23:32:00Z,2016-01-18T23:32:00Z,2016-01-19T07:59:00Z,2016-01-19T07:59:00Z,Realizado,NA,Deputado Luis Eduardo Magalhaes,Salvador,BA,Brasil,Miami,Miami,N/I,Estados Unidos,-80.2870457,25.795865,-38.3312411,-12.9110977
AAL - 230,AMERICAN AIRLINES INC,Internacional,2016-01-26T23:32:00Z,2016-01-26T23:32:00Z,2016-01-27T07:59:00Z,2016-01-27T07:59:00Z,Realizado,NA,Deputado Luis Eduardo Magalhaes,Salvador,BA,Brasil,Miami,Miami,N/I,Estados Unidos,-80.2870457,25.795865,-38.3312411,-12.9110977
AAL - 230,AMERICAN AIRLINES INC,Internacional,2016-01-25T23:32:00Z,2016-01-25T23:32:00Z,2016-01-26T07:59:00Z,2016-01-26T07:59:00Z,Realizado,NA,Deputado Luis Eduardo Magalhaes,Salvador,BA,Brasil,Miami,Miami,N/I,Estados Unidos,-80.2870457,25.795865,-38.3312411,-12.9110977
AAL - 230,AMERICAN AIRLINES INC,Internacional,2016-01-02T23:32:00Z,2016-01-02T23:32:00Z,2016-01-03T07:59:00Z,2016-01-03T07:59:00Z,Realizado,NA,Deputado Luis Eduardo Magalhaes,Salvador,BA,Brasil,Miami,Miami,N/I,Estados Unidos,-80.2870457,25.795865,-38.3312411,-12.9110977
AAL - 230,AMERICAN AIRLINES INC,Internacional,2016-01-14T23:32:00Z,2016-01-14T23:32:00Z,2016-01-15T07:59:00Z,2016-01-15T07:59:00Z,Realizado,NA,Deputado Luis Eduardo Magalhaes,Salvador,BA,Brasil,Miami,Miami,N/I,Estados Unidos,-80.2870457,25.795865,-38.3312411,-12.9110977
AAL - 230,AMERICAN AIRLINES INC,Internacional,2016-01-30T23:32:00Z,2016-01-30T23:32:00Z,2016-01-31T07:59:00Z,2016-01-31T07:59:00Z,Realizado,NA,Deputado Luis Eduardo Magalhaes,Salvador,BA,Brasil,Miami,Miami,N/I,Estados Unidos,-80.2870457,25.795865,-38.3312411,-12.9110977
AAL - 230,AMERICAN AIRLINES INC,Internacional,2016-01-05T23:32:00Z,2016-01-05T23:32:00Z,2016-01-06T07:59:00Z,2016-01-06T07:59:00Z,Realizado,NA,Deputado Luis Eduardo Magalhaes,Salvador,BA,Brasil,Miami,Miami,N/I,Estados Unidos,-80.2870457,25.795865,-38.3312411,-12.9110977
AAL - 230,AMERICAN AIRLINES INC,Internacional,2016-01-04T23:32:00Z,2016-01-04T23:32:00Z,2016-01-05T07:59:00Z,2016-01-05T07:59:00Z,Realizado,NA,Deputado Luis Eduardo Magalhaes,Salvador,BA,Brasil,Miami,Miami,N/I,Estados Unidos,-80.2870457,25.795865,-38.3312411,-12.9110977
AAL - 230,AMERICAN AIRLINES INC,Internacional,2016-01-11T23:32:00Z,2016-01-11T23:32:00Z,2016-01-12T07:59:00Z,2016-01-12T07:59:00Z,Realizado,NA,Deputado Luis Eduardo Magalhaes,Salvador,BA,Brasil,Miami,Miami,N/I,Estados Unidos,-80.2870457,25.795865,-38.3312411,-12.9110977
AAL - 230,AMERICAN AIRLINES INC,Internacional,2016-01-23T23:32:00Z,2016-01-23T23:32:00Z,2016-01-24T07:59:00Z,2016-01-24T07:59:00Z,Realizado,NA,Deputado Luis Eduardo Magalhaes,Salvador,BA,Brasil,Miami,Miami,N/I,Estados Unidos,-80.2870457,25.795865,-38.3312411,-12.9110977
AAL - 230,AMERICAN AIRLINES INC,Internacional,2016-01-21T23:32:00Z,2016-01-21T23:32:00Z,2016-01-22T07:59:00Z,2016-01-22T07:59:00Z,Realizado,NA,Deputado Luis Eduardo Magalhaes,Salvador,BA,Brasil,Miami,Miami,N/I,Estados Unidos,-80.2870457,25.795865,-38.3312411,-12.9110977
AAL - 230,AMERICAN AIRLINES INC,Internacional,2016-01-19T23:32:00Z,2016-01-19T23:32:00Z,2016-01-20T07:59:00Z,2016-01-20T07:59:00Z,Realizado,NA,Deputado Luis Eduardo Magalhaes,Salvador,BA,Brasil,Miami,Miami,N/I,Estados Unidos,-80.2870457,25.795865,-38.3312411,-12.9110977
AAL - 230,AMERICAN AIRLINES INC,Internacional,2016-01-09T23:32:00Z,2016-01-09T23:32:00Z,2016-01-10T07:59:00Z,2016-01-10T07:59:00Z,Realizado,NA,Deputado Luis Eduardo Magalhaes,Salvador,BA,Brasil,Miami,Miami,N/I,Estados Unidos,-80.2870457,25.795865,-38.3312411,-12.9110977
AAL - 233,AMERICAN AIRLINES INC,Internacional,2016-01-11T12:49:00Z,2016-01-11T13:00:00Z,2016-01-11T21:25:00Z,2016-01-11T22:10:00Z,Realizado,CONEXAO DE AERONAVE,Miami,Miami,N/I,Estados Unidos,Guarulhos - Governador Andre Franco Montoro,Guarulhos,SP,Brasil,-46.478126,-23.4345529,-80.2870457,25.795865
AAL - 233,AMERICAN AIRLINES INC,Internacional,2016-01-29T12:49:00Z,2016-01-29T16:38:00Z,2016-01-29T21:25:00Z,2016-01-30T00:20:00Z,Realizado,DEFEITOS DA AERONAVE,Miami,Miami,N/I,Estados Unidos,Guarulhos - Governador Andre Franco Montoro,Guarulhos,SP,Brasil,-46.478126,-23.4345529,-80.2870457,25.795865
AAL - 233,AMERICAN AIRLINES INC,Internacional,2016-01-07T12:49:00Z,2016-01-07T13:34:00Z,2016-01-07T21:25:00Z,2016-01-07T21:51:00Z,Realizado,ATRASOS NAO ESPECIFICOS - OUTROS,Miami,Miami,N/I,Estados Unidos,Guarulhos - Governador Andre Franco Montoro,Guarulhos,SP,Brasil,-46.478126,-23.4345529,-80.2870457,25.795865
AAL - 233,AMERICAN AIRLINES INC,Internacional,2016-01-28T12:49:00Z,2016-01-28T13:49:00Z,2016-01-28T21:25:00Z,2016-01-28T22:56:00Z,Realizado,AEROPORTO ORIGEM ABAIXO DOS LIMITES,Miami,Miami,N/I,Estados Unidos,Guarulhos - Governador Andre Franco Montoro,Guarulhos,SP,Brasil,-46.478126,-23.4345529,-80.2870457,25.795865
AAL - 233,AMERICAN AIRLINES INC,Internacional,2016-01-08T12:49:00Z,2016-01-08T12:49:00Z,2016-01-08T21:25:00Z,2016-01-08T21:25:00Z,Realizado,NA,Miami,Miami,N/I,Estados Unidos,Guarulhos - Governador Andre Franco Montoro,Guarulhos,SP,Brasil,-46.478126,-23.4345529,-80.2870457,25.795865
AAL - 233,AMERICAN AIRLINES INC,Internacional,2016-01-18T12:49:00Z,2016-01-18T12:49:00Z,2016-01-18T21:25:00Z,2016-01-18T21:25:00Z,Realizado,NA,Miami,Miami,N/I,Estados Unidos,Guarulhos - Governador Andre Franco Montoro,Guarulhos,SP,Brasil,-46.478126,-23.4345529,-80.2870457,25.795865
AAL - 233,AMERICAN AIRLINES INC,Internacional,2016-01-14T12:49:00Z,2016-01-14T12:49:00Z,2016-01-14T21:25:00Z,2016-01-14T21:25:00Z,Realizado,NA,Miami,Miami,N/I,Estados Unidos,Guarulhos - Governador Andre Franco Montoro,Guarulhos,SP,Brasil,-46.478126,-23.4345529,-80.2870457,25.795865
AAL - 233,AMERICAN AIRLINES INC,Internacional,2016-01-04T12:49:00Z,2016-01-04T12:49:00Z,2016-01-04T21:25:00Z,2016-01-04T21:25:00Z,Realizado,NA,Miami,Miami,N/I,Estados Unidos,Guarulhos - Governador Andre Franco Montoro,Guarulhos,SP,Brasil,-46.478126,-23.4345529,-80.2870457,25.795865
AAL - 233,AMERICAN AIRLINES INC,Internacional,2016-01-22T12:49:00Z,2016-01-22T12:49:00Z,2016-01-22T21:25:00Z,2016-01-22T21:25:00Z,Realizado,NA,Miami,Miami,N/I,Estados Unidos,Guarulhos - Governador Andre Franco Montoro,Guarulhos,SP,Brasil,-46.478126,-23.4345529,-80.2870457,25.795865
AAL - 233,AMERICAN AIRLINES INC,Internacional,2016-01-19T12:49:00Z,2016-01-19T12:49:00Z,2016-01-19T21:25:00Z,2016-01-19T21:25:00Z,Realizado,NA,Miami,Miami,N/I,Estados Unidos,Guarulhos - Governador Andre Franco Montoro,Guarulhos,SP,Brasil,-46.478126,-23.4345529,-80.2870457,25.795865
AAL - 233,AMERICAN AIRLINES INC,Internacional,2016-01-24T12:49:00Z,2016-01-24T12:49:00Z,2016-01-24T21:25:00Z,2016-01-24T21:25:00Z,Realizado,NA,Miami,Miami,N/I,Estados Unidos,Guarulhos - Governador Andre Franco Montoro,Guarulhos,SP,Brasil,-46.478126,-23.4345529,-80.2870457,25.795865
AAL - 233,AMERICAN AIRLINES INC,Internacional,2016-01-27T12:49:00Z,2016-01-27T12:49:00Z,2016-01-27T21:25:00Z,2016-01-27T21:25:00Z,Realizado,NA,Miami,Miami,N/I,Estados Unidos,Guarulhos - Governador Andre Franco Montoro,Guarulhos,SP,Brasil,-46.478126,-23.4345529,-80.2870457,25.795865
AAL - 233,AMERICAN AIRLINES INC,Internacional,2016-01-17T12:49:00Z,2016-01-17T13:59:00Z,2016-01-17T21:25:00Z,2016-01-17T22:04:00Z,Realizado,DEFEITOS DA AERONAVE,Miami,Miami,N/I,Estados Unidos,Guarulhos - Governador Andre Franco Montoro,Guarulhos,SP,Brasil,-46.478126,-23.4345529,-80.2870457,25.795865
AAL - 233,AMERICAN AIRLINES INC,Internacional,2016-01-01T12:49:00Z,2016-01-01T12:49:00Z,2016-01-01T21:25:00Z,2016-01-01T21:25:00Z,Realizado,NA,Miami,Miami,N/I,Estados Unidos,Guarulhos - Governador Andre Franco Montoro,Guarulhos,SP,Brasil,-46.478126,-23.4345529,-80.2870457,25.795865
AAL - 233,AMERICAN AIRLINES INC,Internacional,2016-01-31T12:49:00Z,2016-01-31T12:49:00Z,2016-01-31T21:25:00Z,2016-01-31T21:25:00Z,Realizado,NA,Miami,Miami,N/I,Estados Unidos,Guarulhos - Governador Andre Franco Montoro,Guarulhos,SP,Brasil,-46.478126,-23.4345529,-80.2870457,25.795865
AAL - 233,AMERICAN AIRLINES INC,Internacional,2016-01-10T12:49:00Z,2016-01-10T12:49:00Z,2016-01-10T21:25:00Z,2016-01-10T21:25:00Z,Realizado,NA,Miami,Miami,N/I,Estados Unidos,Guarulhos - Governador Andre Franco Montoro,Guarulhos,SP,Brasil,-46.478126,-23.4345529,-80.2870457,25.795865
AAL - 233,AMERICAN AIRLINES INC,Internacional,2016-01-15T12:49:00Z,2016-01-15T12:49:00Z,2016-01-15T21:25:00Z,2016-01-15T21:25:00Z,Realizado,NA,Miami,Miami,N/I,Estados Unidos,Guarulhos - Governador Andre Franco Montoro,Guarulhos,SP,Brasil,-46.478126,-23.4345529,-80.2870457,25.795865
AAL - 233,AMERICAN AIRLINES INC,Internacional,2016-01-03T12:49:00Z,2016-01-03T12:49:00Z,2016-01-03T21:25:00Z,2016-01-03T21:25:00Z,Realizado,NA,Miami,Miami,N/I,Estados Unidos,Guarulhos - Governador Andre Franco Montoro,Guarulhos,SP,Brasil,-46.478126,-23.4345529,-80.2870457,25.795865
AAL - 233,AMERICAN AIRLINES INC,Internacional,2016-01-13T12:49:00Z,2016-01-13T12:49:00Z,2016-01-13T21:25:00Z,2016-01-13T21:25:00Z,Realizado,NA,Miami,Miami,N/I,Estados Unidos,Guarulhos - Governador Andre Franco Montoro,Guarulhos,SP,Brasil,-46.478126,-23.4345529,-80.2870457,25.795865
AAL - 233,AMERICAN AIRLINES INC,Internacional,2016-01-26T12:49:00Z,2016-01-26T12:49:00Z,2016-01-26T21:25:00Z,2016-01-26T21:25:00Z,Realizado,NA,Miami,Miami,N/I,Estados Unidos,Guarulhos - Governador Andre Franco Montoro,Guarulhos,SP,Brasil,-46.478126,-23.4345529,-80.2870457,25.795865
AAL - 233,AMERICAN AIRLINES INC,Internacional,2016-01-05T12:49:00Z,2016-01-05T12:49:00Z,2016-01-05T21:25:00Z,2016-01-05T21:25:00Z,Realizado,NA,Miami,Miami,N/I,Estados Unidos,Guarulhos - Governador Andre Franco Montoro,Guarulhos,SP,Brasil,-46.478126,-23.4345529,-80.2870457,25.795865
AAL - 233,AMERICAN AIRLINES INC,Internacional,2016-01-12T12:49:00Z,2016-01-12T13:40:00Z,2016-01-12T21:25:00Z,2016-01-12T21:57:00Z,Realizado,DEFEITOS DA AERONAVE,Miami,Miami,N/I,Estados Unidos,Guarulhos - Governador Andre Franco Montoro,Guarulhos,SP,Brasil,-46.478126,-23.4345529,-80.2870457,25.795865
AAL - 233,AMERICAN AIRLINES INC,Internacional,2016-01-20T12:49:00Z,2016-01-20T12:49:00Z,2016-01-20T21:25:00Z,2016-01-20T21:25:00Z,Realizado,NA,Miami,Miami,N/I,Estados Unidos,Guarulhos - Governador Andre Franco Montoro,Guarulhos,SP,Brasil,-46.478126,-23.4345529,-80.2870457,25.795865
AAL - 233,AMERICAN AIRLINES INC,Internacional,2016-01-25T12:49:00Z,2016-01-25T12:49:00Z,2016-01-25T21:25:00Z,2016-01-25T21:25:00Z,Realizado,NA,Miami,Miami,N/I,Estados Unidos,Guarulhos - Governador Andre Franco Montoro,Guarulhos,SP,Brasil,-46.478126,-23.4345529,-80.2870457,25.795865
AAL - 233,AMERICAN AIRLINES INC,Internacional,2016-01-21T12:49:00Z,2016-01-21T12:49:00Z,2016-01-21T21:25:00Z,2016-01-21T21:25:00Z,Realizado,NA,Miami,Miami,N/I,Estados Unidos,Guarulhos - Governador Andre Franco Montoro,Guarulhos,SP,Brasil,-46.478126,-23.4345529,-80.2870457,25.795865
AAL - 233,AMERICAN AIRLINES INC,Internacional,2016-01-06T12:49:00Z,2016-01-06T13:23:00Z,2016-01-06T21:25:00Z,2016-01-06T22:11:00Z,Realizado,ATRASOS NAO ESPECIFICOS - OUTROS,Miami,Miami,N/I,Estados Unidos,Guarulhos - Governador Andre Franco Montoro,Guarulhos,SP,Brasil,-46.478126,-23.4345529,-80.2870457,25.795865
AAL - 234,AMERICAN AIRLINES INC,Internacional,2016-01-11T12:55:00Z,2016-01-11T12:46:00Z,2016-01-11T21:30:00Z,2016-01-11T20:52:00Z,Realizado,ATRASOS NAO ESPECIFICOS - OUTROS,Guarulhos - Governador Andre Franco Montoro,Guarulhos,SP,Brasil,Miami,Miami,N/I,Estados Unidos,-80.2870457,25.795865,-46.478126,-23.4345529
AAL - 234,AMERICAN AIRLINES INC,Internacional,2016-01-12T12:55:00Z,2016-01-12T12:51:00Z,2016-01-12T21:30:00Z,2016-01-12T20:50:00Z,Realizado,LIBERACAO SERV. TRAFEGO AEREO/ANTECIPACAO,Guarulhos - Governador Andre Franco Montoro,Guarulhos,SP,Brasil,Miami,Miami,N/I,Estados Unidos,-80.2870457,25.795865,-46.478126,-23.4345529
AAL - 234,AMERICAN AIRLINES INC,Internacional,2016-01-13T12:55:00Z,2016-01-13T12:55:00Z,2016-01-13T21:30:00Z,2016-01-13T21:30:00Z,Realizado,NA,Guarulhos - Governador Andre Franco Montoro,Guarulhos,SP,Brasil,Miami,Miami,N/I,Estados Unidos,-80.2870457,25.795865,-46.478126,-23.4345529
AAL - 234,AMERICAN AIRLINES INC,Internacional,2016-01-22T12:55:00Z,2016-01-22T12:55:00Z,2016-01-22T21:30:00Z,2016-01-22T21:30:00Z,Realizado,NA,Guarulhos - Governador Andre Franco Montoro,Guarulhos,SP,Brasil,Miami,Miami,N/I,Estados Unidos,-80.2870457,25.795865,-46.478126,-23.4345529
AAL - 234,AMERICAN AIRLINES INC,Internacional,2016-01-19T12:55:00Z,2016-01-19T12:47:00Z,2016-01-19T21:30:00Z,2016-01-19T20:55:00Z,Realizado,LIBERACAO SERV. TRAFEGO AEREO/ANTECIPACAO,Guarulhos - Governador Andre Franco Montoro,Guarulhos,SP,Brasil,Miami,Miami,N/I,Estados Unidos,-80.2870457,25.795865,-46.478126,-23.4345529
AAL - 234,AMERICAN AIRLINES INC,Internacional,2016-01-20T12:55:00Z,2016-01-20T12:47:00Z,2016-01-20T21:30:00Z,2016-01-20T20:56:00Z,Realizado,LIBERACAO SERV. TRAFEGO AEREO/ANTECIPACAO,Guarulhos - Governador Andre Franco Montoro,Guarulhos,SP,Brasil,Miami,Miami,N/I,Estados Unidos,-80.2870457,25.795865,-46.478126,-23.4345529
AAL - 234,AMERICAN AIRLINES INC,Internacional,2016-01-23T12:55:00Z,2016-01-23T12:55:00Z,2016-01-23T21:30:00Z,2016-01-23T21:30:00Z,Realizado,NA,Guarulhos - Governador Andre Franco Montoro,Guarulhos,SP,Brasil,Miami,Miami,N/I,Estados Unidos,-80.2870457,25.795865,-46.478126,-23.4345529
AAL - 234,AMERICAN AIRLINES INC,Internacional,2016-01-16T12:55:00Z,2016-01-16T12:42:00Z,2016-01-16T21:30:00Z,2016-01-16T20:49:00Z,Realizado,LIBERACAO SERV. TRAFEGO AEREO/ANTECIPACAO,Guarulhos - Governador Andre Franco Montoro,Guarulhos,SP,Brasil,Miami,Miami,N/I,Estados Unidos,-80.2870457,25.795865,-46.478126,-23.4345529
AAL - 234,AMERICAN AIRLINES INC,Internacional,2016-01-05T12:55:00Z,2016-01-05T12:45:00Z,2016-01-05T21:30:00Z,2016-01-05T20:43:00Z,Realizado,LIBERACAO SERV. TRAFEGO AEREO/ANTECIPACAO,Guarulhos - Governador Andre Franco Montoro,Guarulhos,SP,Brasil,Miami,Miami,N/I,Estados Unidos,-80.2870457,25.795865,-46.478126,-23.4345529
AAL - 234,AMERICAN AIRLINES INC,Internacional,2016-01-02T12:55:00Z,2016-01-02T12:55:00Z,2016-01-02T21:30:00Z,2016-01-02T21:30:00Z,Realizado,NA,Guarulhos - Governador Andre Franco Montoro,Guarulhos,SP,Brasil,Miami,Miami,N/I,Estados Unidos,-80.2870457,25.795865,-46.478126,-23.4345529
AAL - 234,AMERICAN AIRLINES INC,Internacional,2016-01-31T12:55:00Z,2016-01-31T12:47:00Z,2016-01-31T21:30:00Z,2016-01-31T20:54:00Z,Realizado,ATRASOS NAO ESPECIFICOS - OUTROS,Guarulhos - Governador Andre Franco Montoro,Guarulhos,SP,Brasil,Miami,Miami,N/I,Estados Unidos,-80.2870457,25.795865,-46.478126,-23.4345529
AAL - 234,AMERICAN AIRLINES INC,Internacional,2016-01-10T12:55:00Z,2016-01-10T12:47:00Z,2016-01-10T21:30:00Z,2016-01-10T20:53:00Z,Realizado,ATRASOS NAO ESPECIFICOS - OUTROS,Guarulhos - Governador Andre Franco Montoro,Guarulhos,SP,Brasil,Miami,Miami,N/I,Estados Unidos,-80.2870457,25.795865,-46.478126,-23.4345529
AAL - 234,AMERICAN AIRLINES INC,Internacional,2016-01-14T12:55:00Z,2016-01-14T12:55:00Z,2016-01-14T21:30:00Z,2016-01-14T21:30:00Z,Realizado,NA,Guarulhos - Governador Andre Franco Montoro,Guarulhos,SP,Brasil,Miami,Miami,N/I,Estados Unidos,-80.2870457,25.795865,-46.478126,-23.4345529
AAL - 234,AMERICAN AIRLINES INC,Internacional,2016-01-25T12:55:00Z,2016-01-25T12:55:00Z,2016-01-25T21:30:00Z,2016-01-25T21:30:00Z,Realizado,NA,Guarulhos - Governador Andre Franco Montoro,Guarulhos,SP,Brasil,Miami,Miami,N/I,Estados Unidos,-80.2870457,25.795865,-46.478126,-23.4345529
AAL - 234,AMERICAN AIRLINES INC,Internacional,2016-01-28T12:55:00Z,2016-01-28T12:55:00Z,2016-01-28T21:30:00Z,2016-01-28T21:30:00Z,Realizado,NA,Guarulhos - Governador Andre Franco Montoro,Guarulhos,SP,Brasil,Miami,Miami,N/I,Estados Unidos,-80.2870457,25.795865,-46.478126,-23.4345529
AAL - 234,AMERICAN AIRLINES INC,Internacional,2016-01-26T12:55:00Z,2016-01-26T12:55:00Z,2016-01-26T21:30:00Z,2016-01-26T21:30:00Z,Realizado,NA,Guarulhos - Governador Andre Franco Montoro,Guarulhos,SP,Brasil,Miami,Miami,N/I,Estados Unidos,-80.2870457,25.795865,-46.478126,-23.4345529
AAL - 234,AMERICAN AIRLINES INC,Internacional,2016-01-29T12:55:00Z,2016-01-29T12:55:00Z,2016-01-29T21:30:00Z,2016-01-29T21:30:00Z,Realizado,NA,Guarulhos - Governador Andre Franco Montoro,Guarulhos,SP,Brasil,Miami,Miami,N/I,Estados Unidos,-80.2870457,25.795865,-46.478126,-23.4345529
AAL - 234,AMERICAN AIRLINES INC,Internacional,2016-01-24T12:55:00Z,2016-01-24T12:55:00Z,2016-01-24T21:30:00Z,2016-01-24T21:30:00Z,Realizado,NA,Guarulhos - Governador Andre Franco Montoro,Guarulhos,SP,Brasil,Miami,Miami,N/I,Estados Unidos,-80.2870457,25.795865,-46.478126,-23.4345529
AAL - 234,AMERICAN AIRLINES INC,Internacional,2016-01-08T12:55:00Z,2016-01-08T12:40:00Z,2016-01-08T21:30:00Z,2016-01-08T20:50:00Z,Realizado,ATRASOS NAO ESPECIFICOS - OUTROS,Guarulhos - Governador Andre Franco Montoro,Guarulhos,SP,Brasil,Miami,Miami,N/I,Estados Unidos,-80.2870457,25.795865,-46.478126,-23.4345529
AAL - 234,AMERICAN AIRLINES INC,Internacional,2016-01-17T12:55:00Z,2016-01-17T12:55:00Z,2016-01-17T21:30:00Z,2016-01-17T21:30:00Z,Realizado,NA,Guarulhos - Governador Andre Franco Montoro,Guarulhos,SP,Brasil,Miami,Miami,N/I,Estados Unidos,-80.2870457,25.795865,-46.478126,-23.4345529
AAL - 234,AMERICAN AIRLINES INC,Internacional,2016-01-07T12:55:00Z,2016-01-07T12:55:00Z,2016-01-07T21:30:00Z,2016-01-07T21:30:00Z,Realizado,NA,Guarulhos - Governador Andre Franco Montoro,Guarulhos,SP,Brasil,Miami,Miami,N/I,Estados Unidos,-80.2870457,25.795865,-46.478126,-23.4345529
AAL - 234,AMERICAN AIRLINES INC,Internacional,2016-01-06T12:55:00Z,2016-01-06T12:55:00Z,2016-01-06T21:30:00Z,2016-01-06T21:30:00Z,Realizado,NA,Guarulhos - Governador Andre Franco Montoro,Guarulhos,SP,Brasil,Miami,Miami,N/I,Estados Unidos,-80.2870457,25.795865,-46.478126,-23.4345529
AAL - 234,AMERICAN AIRLINES INC,Internacional,2016-01-04T12:55:00Z,2016-01-04T12:55:00Z,2016-01-04T21:30:00Z,2016-01-04T21:30:00Z,Realizado,NA,Guarulhos - Governador Andre Franco Montoro,Guarulhos,SP,Brasil,Miami,Miami,N/I,Estados Unidos,-80.2870457,25.795865,-46.478126,-23.4345529
AAL - 234,AMERICAN AIRLINES INC,Internacional,2016-01-21T12:55:00Z,2016-01-21T12:46:00Z,2016-01-21T21:30:00Z,2016-01-21T20:53:00Z,Realizado,LIBERACAO SERV. TRAFEGO AEREO/ANTECIPACAO,Guarulhos - Governador Andre Franco Montoro,Guarulhos,SP,Brasil,Miami,Miami,N/I,Estados Unidos,-80.2870457,25.795865,-46.478126,-23.4345529
AAL - 234,AMERICAN AIRLINES INC,Internacional,2016-01-09T12:55:00Z,2016-01-09T12:55:00Z,2016-01-09T21:30:00Z,2016-01-09T21:30:00Z,Realizado,NA,Guarulhos - Governador Andre Franco Montoro,Guarulhos,SP,Brasil,Miami,Miami,N/I,Estados Unidos,-80.2870457,25.795865,-46.478126,-23.4345529
AAL - 234,AMERICAN AIRLINES INC,Internacional,2016-01-18T12:55:00Z,2016-01-18T14:40:00Z,2016-01-18T21:30:00Z,2016-01-18T22:32:00Z,Realizado,CONEXAO DE AERONAVE,Guarulhos - Governador Andre Franco Montoro,Guarulhos,SP,Brasil,Miami,Miami,N/I,Estados Unidos,-80.2870457,25.795865,-46.478126,-23.4345529
AAL - 234,AMERICAN AIRLINES INC,Internacional,2016-01-01T12:55:00Z,2016-01-01T12:55:00Z,2016-01-01T21:30:00Z,2016-01-01T21:30:00Z,Realizado,NA,Guarulhos - Governador Andre Franco Montoro,Guarulhos,SP,Brasil,Miami,Miami,N/I,Estados Unidos,-80.2870457,25.795865,-46.478126,-23.4345529
AAL - 234,AMERICAN AIRLINES INC,Internacional,2016-01-30T12:55:00Z,2016-01-30T12:41:00Z,2016-01-30T21:30:00Z,2016-01-30T20:30:00Z,Realizado,LIBERACAO SERV. TRAFEGO AEREO/ANTECIPACAO,Guarulhos - Governador Andre Franco Montoro,Guarulhos,SP,Brasil,Miami,Miami,N/I,Estados Unidos,-80.2870457,25.795865,-46.478126,-23.4345529
AAL - 234,AMERICAN AIRLINES INC,Internacional,2016-01-15T12:55:00Z,2016-01-15T12:55:00Z,2016-01-15T21:30:00Z,2016-01-15T21:30:00Z,Realizado,NA,Guarulhos - Governador Andre Franco Montoro,Guarulhos,SP,Brasil,Miami,Miami,N/I,Estados Unidos,-80.2870457,25.795865,-46.478126,-23.4345529
AAL - 234,AMERICAN AIRLINES INC,Internacional,2016-01-03T12:55:00Z,2016-01-03T12:55:00Z,2016-01-03T21:30:00Z,2016-01-03T21:30:00Z,Realizado,NA,Guarulhos - Governador Andre Franco Montoro,Guarulhos,SP,Brasil,Miami,Miami,N/I,Estados Unidos,-80.2870457,25.795865,-46.478126,-23.4345529
AAL - 234,AMERICAN AIRLINES INC,Internacional,2016-01-27T12:55:00Z,2016-01-27T12:55:00Z,2016-01-27T21:30:00Z,2016-01-27T21:30:00Z,Realizado,NA,Guarulhos - Governador Andre Franco Montoro,Guarulhos,SP,Brasil,Miami,Miami,N/I,Estados Unidos,-80.2870457,25.795865,-46.478126,-23.4345529
AAL - 273,AMERICAN AIRLINES INC,Internacional,2016-01-28T00:54:00Z,2016-01-28T01:27:00Z,2016-01-28T08:56:00Z,2016-01-28T09:03:00Z,Realizado,ATRASOS NAO ESPECIFICOS - OUTROS,Miami,Miami,N/I,Estados Unidos,Guararapes - Gilberto Freyre,Recife,PE,Brasil,-34.9240154,-8.1259315,-80.2870457,25.795865
AAL - 273,AMERICAN AIRLINES INC,Internacional,2016-01-20T00:54:00Z,2016-01-20T00:54:00Z,2016-01-20T08:56:00Z,2016-01-20T08:56:00Z,Realizado,NA,Miami,Miami,N/I,Estados Unidos,Guararapes - Gilberto Freyre,Recife,PE,Brasil,-34.9240154,-8.1259315,-80.2870457,25.795865
AAL - 273,AMERICAN AIRLINES INC,Internacional,2016-01-12T00:54:00Z,2016-01-12T00:54:00Z,2016-01-12T08:56:00Z,2016-01-12T08:56:00Z,Realizado,NA,Miami,Miami,N/I,Estados Unidos,Guararapes - Gilberto Freyre,Recife,PE,Brasil,-34.9240154,-8.1259315,-80.2870457,25.795865
AAL - 273,AMERICAN AIRLINES INC,Internacional,2016-01-07T00:54:00Z,2016-01-07T02:49:00Z,2016-01-07T08:56:00Z,2016-01-07T10:48:00Z,Realizado,DEFEITOS DA AERONAVE,Miami,Miami,N/I,Estados Unidos,Guararapes - Gilberto Freyre,Recife,PE,Brasil,-34.9240154,-8.1259315,-80.2870457,25.795865
AAL - 273,AMERICAN AIRLINES INC,Internacional,2016-01-05T00:54:00Z,2016-01-05T14:18:00Z,2016-01-05T08:56:00Z,2016-01-05T22:00:00Z,Realizado,OPERACAO DE VOO COM MAIS DE 04 HORAS DE ATRASO PANE AERONAVE,Miami,Miami,N/I,Estados Unidos,Guararapes - Gilberto Freyre,Recife,PE,Brasil,-34.9240154,-8.1259315,-80.2870457,25.795865
AAL - 273,AMERICAN AIRLINES INC,Internacional,2016-01-06T00:54:00Z,2016-01-06T02:50:00Z,2016-01-06T08:56:00Z,2016-01-06T09:51:00Z,Realizado,ATRASOS NAO ESPECIFICOS - OUTROS,Miami,Miami,N/I,Estados Unidos,Guararapes - Gilberto Freyre,Recife,PE,Brasil,-34.9240154,-8.1259315,-80.2870457,25.795865
AAL - 273,AMERICAN AIRLINES INC,Internacional,2016-01-24T00:54:00Z,2016-01-24T00:54:00Z,2016-01-24T08:56:00Z,2016-01-24T08:56:00Z,Realizado,NA,Miami,Miami,N/I,Estados Unidos,Guararapes - Gilberto Freyre,Recife,PE,Brasil,-34.9240154,-8.1259315,-80.2870457,25.795865
AAL - 273,AMERICAN AIRLINES INC,Internacional,2016-01-23T00:54:00Z,2016-01-23T00:54:00Z,2016-01-23T08:56:00Z,2016-01-23T08:56:00Z,Realizado,NA,Miami,Miami,N/I,Estados Unidos,Guararapes - Gilberto Freyre,Recife,PE,Brasil,-34.9240154,-8.1259315,-80.2870457,25.795865
AAL - 273,AMERICAN AIRLINES INC,Internacional,2016-01-17T00:54:00Z,2016-01-17T12:02:00Z,2016-01-17T08:56:00Z,2016-01-17T19:34:00Z,Realizado,OPERACAO DE VOO COM MAIS DE 04 HORAS DE ATRASO PANE AERONAVE,Miami,Miami,N/I,Estados Unidos,Guararapes - Gilberto Freyre,Recife,PE,Brasil,-34.9240154,-8.1259315,-80.2870457,25.795865
AAL - 273,AMERICAN AIRLINES INC,Internacional,2016-01-02T00:54:00Z,2016-01-02T01:31:00Z,2016-01-02T08:56:00Z,2016-01-02T09:10:00Z,Realizado,ATRASOS NAO ESPECIFICOS - OUTROS,Miami,Miami,N/I,Estados Unidos,Guararapes - Gilberto Freyre,Recife,PE,Brasil,-34.9240154,-8.1259315,-80.2870457,25.795865
AAL - 273,AMERICAN AIRLINES INC,Internacional,2016-01-14T00:54:00Z,2016-01-14T00:54:00Z,2016-01-14T08:56:00Z,2016-01-14T08:56:00Z,Realizado,NA,Miami,Miami,N/I,Estados Unidos,Guararapes - Gilberto Freyre,Recife,PE,Brasil,-34.9240154,-8.1259315,-80.2870457,25.795865
AAL - 273,AMERICAN AIRLINES INC,Internacional,2016-01-30T00:54:00Z,2016-01-30T01:53:00Z,2016-01-30T08:56:00Z,2016-01-30T08:28:00Z,Realizado,ATRASOS NAO ESPECIFICOS - OUTROS,Miami,Miami,N/I,Estados Unidos,Guararapes - Gilberto Freyre,Recife,PE,Brasil,-34.9240154,-8.1259315,-80.2870457,25.795865
AAL - 273,AMERICAN AIRLINES INC,Internacional,2016-01-27T00:54:00Z,2016-01-27T01:33:00Z,2016-01-27T08:56:00Z,2016-01-27T09:02:00Z,Realizado,DEFEITOS DA AERONAVE,Miami,Miami,N/I,Estados Unidos,Guararapes - Gilberto Freyre,Recife,PE,Brasil,-34.9240154,-8.1259315,-80.2870457,25.795865
AAL - 273,AMERICAN AIRLINES INC,Internacional,2016-01-22T00:54:00Z,2016-01-22T00:54:00Z,2016-01-22T08:56:00Z,2016-01-22T08:56:00Z,Realizado,NA,Miami,Miami,N/I,Estados Unidos,Guararapes - Gilberto Freyre,Recife,PE,Brasil,-34.9240154,-8.1259315,-80.2870457,25.795865
AAL - 273,AMERICAN AIRLINES INC,Internacional,2016-01-10T00:54:00Z,2016-01-10T00:54:00Z,2016-01-10T08:56:00Z,2016-01-10T08:56:00Z,Realizado,NA,Miami,Miami,N/I,Estados Unidos,Guararapes - Gilberto Freyre,Recife,PE,Brasil,-34.9240154,-8.1259315,-80.2870457,25.795865
AAL - 273,AMERICAN AIRLINES INC,Internacional,2016-01-19T00:54:00Z,2016-01-19T00:54:00Z,2016-01-19T08:56:00Z,2016-01-19T08:56:00Z,Realizado,NA,Miami,Miami,N/I,Estados Unidos,Guararapes - Gilberto Freyre,Recife,PE,Brasil,-34.9240154,-8.1259315,-80.2870457,25.795865
AAL - 273,AMERICAN AIRLINES INC,Internacional,2016-01-08T00:54:00Z,2016-01-08T00:54:00Z,2016-01-08T08:56:00Z,2016-01-08T08:56:00Z,Realizado,NA,Miami,Miami,N/I,Estados Unidos,Guararapes - Gilberto Freyre,Recife,PE,Brasil,-34.9240154,-8.1259315,-80.2870457,25.795865
AAL - 273,AMERICAN AIRLINES INC,Internacional,2016-01-16T00:54:00Z,2016-01-16T00:54:00Z,2016-01-16T08:56:00Z,2016-01-16T08:56:00Z,Realizado,NA,Miami,Miami,N/I,Estados Unidos,Guararapes - Gilberto Freyre,Recife,PE,Brasil,-34.9240154,-8.1259315,-80.2870457,25.795865
AAL - 273,AMERICAN AIRLINES INC,Internacional,2016-01-13T00:54:00Z,2016-01-13T00:54:00Z,2016-01-13T08:56:00Z,2016-01-13T08:56:00Z,Realizado,NA,Miami,Miami,N/I,Estados Unidos,Guararapes - Gilberto Freyre,Recife,PE,Brasil,-34.9240154,-8.1259315,-80.2870457,25.795865
AAL - 273,AMERICAN AIRLINES INC,Internacional,2016-01-21T00:54:00Z,2016-01-21T00:54:00Z,2016-01-21T08:56:00Z,2016-01-21T08:56:00Z,Realizado,NA,Miami,Miami,N/I,Estados Unidos,Guararapes - Gilberto Freyre,Recife,PE,Brasil,-34.9240154,-8.1259315,-80.2870457,25.795865
AAL - 273,AMERICAN AIRLINES INC,Internacional,2016-01-15T00:54:00Z,2016-01-15T00:54:00Z,2016-01-15T08:56:00Z,2016-01-15T08:56:00Z,Realizado,NA,Miami,Miami,N/I,Estados Unidos,Guararapes - Gilberto Freyre,Recife,PE,Brasil,-34.9240154,-8.1259315,-80.2870457,25.795865
AAL - 273,AMERICAN AIRLINES INC,Internacional,2016-01-09T00:54:00Z,2016-01-08T02:15:00Z,2016-01-09T08:56:00Z,2016-01-08T09:44:00Z,Realizado,DEFEITOS DA AERONAVE,Miami,Miami,N/I,Estados Unidos,Guararapes - Gilberto Freyre,Recife,PE,Brasil,-34.9240154,-8.1259315,-80.2870457,25.795865
AAL - 273,AMERICAN AIRLINES INC,Internacional,2016-01-29T00:54:00Z,2016-01-29T00:54:00Z,2016-01-29T08:56:00Z,2016-01-29T08:56:00Z,Realizado,NA,Miami,Miami,N/I,Estados Unidos,Guararapes - Gilberto Freyre,Recife,PE,Brasil,-34.9240154,-8.1259315,-80.2870457,25.795865
AAL - 273,AMERICAN AIRLINES INC,Internacional,2016-01-31T00:54:00Z,2016-01-31T02:50:00Z,2016-01-31T08:56:00Z,2016-01-31T10:18:00Z,Realizado,DEFEITOS DA AERONAVE,Miami,Miami,N/I,Estados Unidos,Guararapes - Gilberto Freyre,Recife,PE,Brasil,-34.9240154,-8.1259315,-80.2870457,25.795865
AAL - 273,AMERICAN AIRLINES INC,Internacional,2016-01-26T00:54:00Z,2016-01-26T00:54:00Z,2016-01-26T08:56:00Z,2016-01-26T08:56:00Z,Realizado,NA,Miami,Miami,N/I,Estados Unidos,Guararapes - Gilberto Freyre,Recife,PE,Brasil,-34.9240154,-8.1259315,-80.2870457,25.795865
AAL - 273,AMERICAN AIRLINES INC,Internacional,2016-01-01T00:54:00Z,2016-01-01T00:52:00Z,2016-01-01T08:56:00Z,2016-01-01T08:03:00Z,Realizado,LIBERACAO SERV. TRAFEGO AEREO/ANTECIPACAO,Miami,Miami,N/I,Estados Unidos,Guararapes - Gilberto Freyre,Recife,PE,Brasil,-34.9240154,-8.1259315,-80.2870457,25.795865
AAL - 273,AMERICAN AIRLINES INC,Internacional,2016-01-03T00:54:00Z,2016-01-03T01:50:00Z,2016-01-03T08:56:00Z,2016-01-03T09:54:00Z,Realizado,CONEXAO DE AERONAVE,Miami,Miami,N/I,Estados Unidos,Guararapes - Gilberto Freyre,Recife,PE,Brasil,-34.9240154,-8.1259315,-80.2870457,25.795865
AAL - 274,AMERICAN AIRLINES INC,Internacional,2016-01-23T23:35:00Z,2016-01-23T23:35:00Z,2016-01-24T08:04:00Z,2016-01-24T08:04:00Z,Realizado,NA,Guararapes - Gilberto Freyre,Recife,PE,Brasil,Miami,Miami,N/I,Estados Unidos,-80.2870457,25.795865,-34.9240154,-8.1259315
AAL - 274,AMERICAN AIRLINES INC,Internacional,2016-01-12T23:35:00Z,2016-01-12T23:35:00Z,2016-01-13T08:04:00Z,2016-01-13T08:04:00Z,Realizado,NA,Guararapes - Gilberto Freyre,Recife,PE,Brasil,Miami,Miami,N/I,Estados Unidos,-80.2870457,25.795865,-34.9240154,-8.1259315
AAL - 274,AMERICAN AIRLINES INC,Internacional,2016-01-20T23:35:00Z,2016-01-20T23:35:00Z,2016-01-21T08:04:00Z,2016-01-21T08:04:00Z,Realizado,NA,Guararapes - Gilberto Freyre,Recife,PE,Brasil,Miami,Miami,N/I,Estados Unidos,-80.2870457,25.795865,-34.9240154,-8.1259315
AAL - 274,AMERICAN AIRLINES INC,Internacional,2016-01-08T23:35:00Z,2016-01-08T23:35:00Z,2016-01-09T08:04:00Z,2016-01-09T08:04:00Z,Realizado,NA,Guararapes - Gilberto Freyre,Recife,PE,Brasil,Miami,Miami,N/I,Estados Unidos,-80.2870457,25.795865,-34.9240154,-8.1259315
AAL - 274,AMERICAN AIRLINES INC,Internacional,2016-01-16T23:35:00Z,2016-01-16T23:32:00Z,2016-01-17T08:04:00Z,2016-01-17T07:29:00Z,Realizado,LIBERACAO SERV. TRAFEGO AEREO/ANTECIPACAO,Guararapes - Gilberto Freyre,Recife,PE,Brasil,Miami,Miami,N/I,Estados Unidos,-80.2870457,25.795865,-34.9240154,-8.1259315
AAL - 274,AMERICAN AIRLINES INC,Internacional,2016-01-21T23:35:00Z,2016-01-21T23:35:00Z,2016-01-22T08:04:00Z,2016-01-22T08:04:00Z,Realizado,NA,Guararapes - Gilberto Freyre,Recife,PE,Brasil,Miami,Miami,N/I,Estados Unidos,-80.2870457,25.795865,-34.9240154,-8.1259315
AAL - 274,AMERICAN AIRLINES INC,Internacional,2016-01-28T23:35:00Z,2016-01-28T23:35:00Z,2016-01-29T08:04:00Z,2016-01-29T08:04:00Z,Realizado,NA,Guararapes - Gilberto Freyre,Recife,PE,Brasil,Miami,Miami,N/I,Estados Unidos,-80.2870457,25.795865,-34.9240154,-8.1259315
AAL - 274,AMERICAN AIRLINES INC,Internacional,2016-01-29T23:35:00Z,2016-01-29T23:34:00Z,2016-01-30T08:04:00Z,2016-01-30T07:26:00Z,Realizado,ATRASOS NAO ESPECIFICOS - OUTROS,Guararapes - Gilberto Freyre,Recife,PE,Brasil,Miami,Miami,N/I,Estados Unidos,-80.2870457,25.795865,-34.9240154,-8.1259315
AAL - 274,AMERICAN AIRLINES INC,Internacional,2016-01-03T23:35:00Z,2016-01-03T23:35:00Z,2016-01-04T08:04:00Z,2016-01-04T08:04:00Z,Realizado,NA,Guararapes - Gilberto Freyre,Recife,PE,Brasil,Miami,Miami,N/I,Estados Unidos,-80.2870457,25.795865,-34.9240154,-8.1259315
AAL - 274,AMERICAN AIRLINES INC,Internacional,2016-01-24T23:35:00Z,2016-01-24T23:35:00Z,2016-01-25T08:04:00Z,2016-01-25T08:04:00Z,Realizado,NA,Guararapes - Gilberto Freyre,Recife,PE,Brasil,Miami,Miami,N/I,Estados Unidos,-80.2870457,25.795865,-34.9240154,-8.1259315
AAL - 274,AMERICAN AIRLINES INC,Internacional,2016-01-14T23:35:00Z,2016-01-14T23:35:00Z,2016-01-15T08:04:00Z,2016-01-15T08:04:00Z,Realizado,NA,Guararapes - Gilberto Freyre,Recife,PE,Brasil,Miami,Miami,N/I,Estados Unidos,-80.2870457,25.795865,-34.9240154,-8.1259315
AAL - 274,AMERICAN AIRLINES INC,Internacional,2016-01-02T23:35:00Z,2016-01-02T23:35:00Z,2016-01-03T08:04:00Z,2016-01-03T08:04:00Z,Realizado,NA,Guararapes - Gilberto Freyre,Recife,PE,Brasil,Miami,Miami,N/I,Estados Unidos,-80.2870457,25.795865,-34.9240154,-8.1259315
AAL - 274,AMERICAN AIRLINES INC,Internacional,2016-01-27T23:35:00Z,2016-01-27T23:35:00Z,2016-01-28T08:04:00Z,2016-01-28T08:04:00Z,Realizado,NA,Guararapes - Gilberto Freyre,Recife,PE,Brasil,Miami,Miami,N/I,Estados Unidos,-80.2870457,25.795865,-34.9240154,-8.1259315
AAL - 274,AMERICAN AIRLINES INC,Internacional,2016-01-26T23:35:00Z,2016-01-26T23:35:00Z,2016-01-27T08:04:00Z,2016-01-27T08:04:00Z,Realizado,NA,Guararapes - Gilberto Freyre,Recife,PE,Brasil,Miami,Miami,N/I,Estados Unidos,-80.2870457,25.795865,-34.9240154,-8.1259315
AAL - 274,AMERICAN AIRLINES INC,Internacional,2016-01-17T23:35:00Z,2016-01-17T23:35:00Z,2016-01-18T08:04:00Z,2016-01-18T08:04:00Z,Realizado,NA,Guararapes - Gilberto Freyre,Recife,PE,Brasil,Miami,Miami,N/I,Estados Unidos,-80.2870457,25.795865,-34.9240154,-8.1259315
AAL - 274,AMERICAN AIRLINES INC,Internacional,2016-01-15T23:35:00Z,NA,2016-01-16T08:04:00Z,NA,Cancelado,CANCELAMENTO POR MOTIVOS TECNICOS - OPERACIONAIS,Guararapes - Gilberto Freyre,Recife,PE,Brasil,Miami,Miami,N/I,Estados Unidos,-80.2870457,25.795865,-34.9240154,-8.1259315
AAL - 274,AMERICAN AIRLINES INC,Internacional,2016-01-30T23:35:00Z,2016-01-30T23:35:00Z,2016-01-31T08:04:00Z,2016-01-31T08:04:00Z,Realizado,NA,Guararapes - Gilberto Freyre,Recife,PE,Brasil,Miami,Miami,N/I,Estados Unidos,-80.2870457,25.795865,-34.9240154,-8.1259315
AAL - 274,AMERICAN AIRLINES INC,Internacional,2016-01-13T23:35:00Z,2016-01-13T23:35:00Z,2016-01-14T08:04:00Z,2016-01-14T08:04:00Z,Realizado,NA,Guararapes - Gilberto Freyre,Recife,PE,Brasil,Miami,Miami,N/I,Estados Unidos,-80.2870457,25.795865,-34.9240154,-8.1259315
AAL - 274,AMERICAN AIRLINES INC,Internacional,2016-01-06T23:35:00Z,2016-01-06T23:35:00Z,2016-01-07T08:04:00Z,2016-01-07T08:04:00Z,Realizado,NA,Guararapes - Gilberto Freyre,Recife,PE,Brasil,Miami,Miami,N/I,Estados Unidos,-80.2870457,25.795865,-34.9240154,-8.1259315
AAL - 274,AMERICAN AIRLINES INC,Internacional,2016-01-31T23:35:00Z,2016-01-31T23:35:00Z,2016-02-01T08:04:00Z,2016-02-01T08:04:00Z,Realizado,NA,Guararapes - Gilberto Freyre,Recife,PE,Brasil,Miami,Miami,N/I,Estados Unidos,-80.2870457,25.795865,-34.9240154,-8.1259315
AAL - 274,AMERICAN AIRLINES INC,Internacional,2016-01-01T23:35:00Z,2016-01-01T23:35:00Z,2016-01-02T08:04:00Z,2016-01-02T08:04:00Z,Realizado,NA,Guararapes - Gilberto Freyre,Recife,PE,Brasil,Miami,Miami,N/I,Estados Unidos,-80.2870457,25.795865,-34.9240154,-8.1259315
AAL - 274,AMERICAN AIRLINES INC,Internacional,2016-01-10T23:35:00Z,2016-01-10T23:35:00Z,2016-01-11T08:04:00Z,2016-01-11T08:04:00Z,Realizado,NA,Guararapes - Gilberto Freyre,Recife,PE,Brasil,Miami,Miami,N/I,Estados Unidos,-80.2870457,25.795865,-34.9240154,-8.1259315
AAL - 274,AMERICAN AIRLINES INC,Internacional,2016-01-22T23:35:00Z,2016-01-22T23:35:00Z,2016-01-23T08:04:00Z,2016-01-23T08:04:00Z,Realizado,NA,Guararapes - Gilberto Freyre,Recife,PE,Brasil,Miami,Miami,N/I,Estados Unidos,-80.2870457,25.795865,-34.9240154,-8.1259315
AAL - 274,AMERICAN AIRLINES INC,Internacional,2016-01-19T23:35:00Z,2016-01-19T23:40:00Z,2016-01-20T08:04:00Z,2016-01-20T07:41:00Z,Realizado,LIBERACAO SERV. TRAFEGO AEREO/ANTECIPACAO,Guararapes - Gilberto Freyre,Recife,PE,Brasil,Miami,Miami,N/I,Estados Unidos,-80.2870457,25.795865,-34.9240154,-8.1259315
AAL - 274,AMERICAN AIRLINES INC,Internacional,2016-01-09T23:35:00Z,2016-01-09T23:35:00Z,2016-01-10T08:04:00Z,2016-01-10T08:04:00Z,Realizado,NA,Guararapes - Gilberto Freyre,Recife,PE,Brasil,Miami,Miami,N/I,Estados Unidos,-80.2870457,25.795865,-34.9240154,-8.1259315
AAL - 274,AMERICAN AIRLINES INC,Internacional,2016-01-07T23:35:00Z,2016-01-07T23:35:00Z,2016-01-08T08:04:00Z,2016-01-08T08:04:00Z,Realizado,NA,Guararapes - Gilberto Freyre,Recife,PE,Brasil,Miami,Miami,N/I,Estados Unidos,-80.2870457,25.795865,-34.9240154,-8.1259315